title,director,release_year,runtime,genre,rating,metascore,gross
The Shawshank Redemption,Frank Darabont,(1994),142 min,Drama,9.3,82,$28.34M
The Godfather,Francis Ford Coppola,(1972),175 min,"Crime, Drama",9.2,100,$134.97M
The Dark Knight,Christopher Nolan,(2008),152 min,"Action, Crime, Drama",9.0,84,$534.86M
Schindler's List,Steven Spielberg,(1993),195 min,"Biography, Drama, History",9.0,95,$96.90M
12 Angry Men,Sidney Lumet,(1957),96 min,"Crime, Drama",9.0,97,$4.36M
The Lord of the Rings: The Return of the King,Peter Jackson,(2003),201 min,"Action, Adventure, Drama",9.0,94,$377.85M
The Godfather Part II,Francis Ford Coppola,(1974),202 min,"Crime, Drama",9.0,90,$57.30M
Spider-Man: Across the Spider-Verse,Joaquim Dos Santos,(2023),140 min,"Animation, Action, Adventure",8.9,86,0
Pulp Fiction,Quentin Tarantino,(1994),154 min,"Crime, Drama",8.9,95,$107.93M
Inception,Christopher Nolan,(2010),148 min,"Action, Adventure, Sci-Fi",8.8,74,$292.58M
The Lord of the Rings: The Fellowship of the Ring,Peter Jackson,(2001),178 min,"Action, Adventure, Drama",8.8,92,$315.54M
Fight Club,David Fincher,(1999),139 min,Drama,8.8,67,$37.03M
Forrest Gump,Robert Zemeckis,(1994),142 min,"Drama, Romance",8.8,82,$330.25M
"The Good, the Bad and the Ugly",Sergio Leone,(1966),178 min,"Adventure, Western",8.8,90,$6.10M
The Lord of the Rings: The Two Towers,Peter Jackson,(2002),179 min,"Action, Adventure, Drama",8.8,87,$342.55M
Jai Bhim,T.J. Gnanavel,(2021),164 min,"Crime, Drama, Mystery",8.8,0,0
777 Charlie,Kiranraj K,(2022),164 min,"Adventure, Comedy, Drama",8.8,0,0
Interstellar,Christopher Nolan,(2014),169 min,"Adventure, Drama, Sci-Fi",8.7,74,$188.02M
Goodfellas,Martin Scorsese,(1990),145 min,"Biography, Crime, Drama",8.7,92,$46.84M
The Matrix,Lana Wachowski,(1999),136 min,"Action, Sci-Fi",8.7,73,$171.48M
One Flew Over the Cuckoo's Nest,Milos Forman,(1975),133 min,Drama,8.7,84,$112.00M
Star Wars: Episode V - The Empire Strikes Back,Irvin Kershner,(1980),124 min,"Action, Adventure, Fantasy",8.7,82,$290.48M
Rocketry: The Nambi Effect,Madhavan,(2022),157 min,"Biography, Drama",8.7,0,0
Soorarai Pottru,Sudha Kongara,(2020),153 min,"Action, Drama",8.7,0,0
The Green Mile,Frank Darabont,(1999),189 min,"Crime, Drama, Fantasy",8.6,61,$136.80M
Terminator 2: Judgment Day,James Cameron,(1991),137 min,"Action, Sci-Fi",8.6,75,$204.84M
Se7en,David Fincher,(1995),127 min,"Crime, Drama, Mystery",8.6,65,$100.13M
Saving Private Ryan,Steven Spielberg,(1998),169 min,"Drama, War",8.6,91,$216.54M
The Silence of the Lambs,Jonathan Demme,(1991),118 min,"Crime, Drama, Thriller",8.6,86,$130.74M
Star Wars: Episode IV - A New Hope,George Lucas,(1977),121 min,"Action, Adventure, Fantasy",8.6,90,$322.74M
Spirited Away,Hayao Miyazaki,(2001),125 min,"Animation, Adventure, Family",8.6,96,$10.06M
City of God,Fernando Meirelles,(2002),130 min,"Crime, Drama",8.6,79,$7.56M
Life Is Beautiful,Roberto Benigni,(1997),116 min,"Comedy, Drama, Romance",8.6,59,$57.60M
Seven Samurai,Akira Kurosawa,(1954),207 min,"Action, Drama",8.6,98,$0.27M
It's a Wonderful Life,Frank Capra,(1946),130 min,"Drama, Family, Fantasy",8.6,89,0
Harakiri,Masaki Kobayashi,(1962),133 min,"Action, Drama, Mystery",8.6,85,0
Sita Ramam,Hanu Raghavapudi,(2022),163 min,"Action, Drama, Mystery",8.6,0,0
Back to the Future,Robert Zemeckis,(1985),116 min,"Adventure, Comedy, Sci-Fi",8.5,87,$210.61M
The Departed,Martin Scorsese,(2006),151 min,"Crime, Drama, Thriller",8.5,85,$132.38M
Gladiator,Ridley Scott,(2000),155 min,"Action, Adventure, Drama",8.5,67,$187.71M
Alien,Ridley Scott,(1979),117 min,"Horror, Sci-Fi",8.5,89,$78.90M
Parasite,Bong Joon Ho,(2019),132 min,"Drama, Thriller",8.5,96,$53.37M
The Prestige,Christopher Nolan,(2006),130 min,"Drama, Mystery, Sci-Fi",8.5,66,$53.09M
Whiplash,Damien Chazelle,(2014),106 min,"Drama, Music",8.5,89,$13.09M
Léon: The Professional,Luc Besson,(1994),110 min,"Action, Crime, Drama",8.5,64,$19.50M
The Lion King,Roger Allers,(1994),88 min,"Animation, Adventure, Drama",8.5,88,$422.78M
The Usual Suspects,Bryan Singer,(1995),106 min,"Crime, Drama, Mystery",8.5,77,$23.34M
Casablanca,Michael Curtiz,(1942),102 min,"Drama, Romance, War",8.5,100,$1.02M
American History X,Tony Kaye,(1998),119 min,"Crime, Drama",8.5,62,$6.72M
Psycho,Alfred Hitchcock,(1960),109 min,"Horror, Mystery, Thriller",8.5,97,$32.00M
The Pianist,Roman Polanski,(2002),150 min,"Biography, Drama, Music",8.5,85,$32.57M
The Intouchables,Olivier Nakache,(2011),112 min,"Biography, Comedy, Drama",8.5,57,$13.18M
Once Upon a Time in the West,Sergio Leone,(1968),165 min,Western,8.5,82,$5.32M
Grave of the Fireflies,Isao Takahata,(1988),89 min,"Animation, Drama, War",8.5,94,0
Rear Window,Alfred Hitchcock,(1954),112 min,"Mystery, Thriller",8.5,100,$36.76M
Cinema Paradiso,Giuseppe Tornatore,(1988),155 min,"Drama, Romance",8.5,80,$11.99M
Modern Times,Charles Chaplin,(1936),87 min,"Comedy, Drama, Romance",8.5,96,$0.16M
City Lights,Charles Chaplin,(1931),87 min,"Comedy, Drama, Romance",8.5,99,$0.02M
96,C. Prem Kumar,(II) (2018),158 min,"Drama, Romance",8.5,0,0
Indiana Jones and the Raiders of the Lost Ark,Steven Spielberg,(1981),115 min,"Action, Adventure",8.4,85,$248.16M
Spider-Man: Into the Spider-Verse,Bob Persichetti,(2018),117 min,"Animation, Action, Adventure",8.4,87,$190.24M
Avengers: Endgame,Anthony Russo,(2019),181 min,"Action, Adventure, Drama",8.4,78,$858.37M
Django Unchained,Quentin Tarantino,(2012),165 min,"Drama, Western",8.4,81,$162.81M
Apocalypse Now,Francis Ford Coppola,(1979),147 min,"Drama, Mystery, War",8.4,94,$83.47M
Aliens,James Cameron,(1986),137 min,"Action, Adventure, Sci-Fi",8.4,84,$85.16M
Joker,Todd Phillips,(I) (2019),122 min,"Crime, Drama, Thriller",8.4,59,$335.45M
The Dark Knight Rises,Christopher Nolan,(2012),164 min,"Action, Drama, Thriller",8.4,78,$448.14M
Avengers: Infinity War,Anthony Russo,(2018),149 min,"Action, Adventure, Sci-Fi",8.4,68,$678.82M
The Shining,Stanley Kubrick,(1980),146 min,"Drama, Horror",8.4,66,$44.02M
Oldboy,Park Chan-wook,(2003),120 min,"Action, Drama, Mystery",8.4,77,$0.71M
Memento,Christopher Nolan,(2000),113 min,"Mystery, Thriller",8.4,83,$25.54M
Amadeus,Milos Forman,(1984),160 min,"Biography, Drama, Music",8.4,88,$51.97M
Come and See,Elem Klimov,(1985),142 min,"Drama, Thriller, War",8.4,0,0
Coco,Lee Unkrich,(I) (2017),105 min,"Animation, Adventure, Drama",8.4,81,$209.73M
Your Name.,Makoto Shinkai,(2016),106 min,"Animation, Drama, Fantasy",8.4,81,$5.02M
WALL·E,Andrew Stanton,(2008),98 min,"Animation, Adventure, Family",8.4,95,$223.81M
3 Idiots,Rajkumar Hirani,(2009),170 min,"Comedy, Drama",8.4,67,$6.53M
The Lives of Others,Florian Henckel von Donnersmarck,(2006),137 min,"Drama, Mystery, Thriller",8.4,89,$11.29M
Dr. Strangelove or: How I Learned to Stop Worrying and Love the Bomb,Stanley Kubrick,(1964),95 min,"Comedy, War",8.4,97,$0.28M
Das Boot,Wolfgang Petersen,(1981),149 min,"Drama, War",8.4,86,$11.49M
Capernaum,Nadine Labaki,(2018),126 min,Drama,8.4,75,$1.66M
Sunset Blvd.,Billy Wilder,(1950),110 min,"Drama, Film-Noir",8.4,94,0
Paths of Glory,Stanley Kubrick,(1957),88 min,"Drama, War",8.4,90,0
Witness for the Prosecution,Billy Wilder,(1957),116 min,"Crime, Drama, Mystery",8.4,76,$8.18M
The Great Dictator,Charles Chaplin,(1940),125 min,"Comedy, Drama, War",8.4,0,$0.29M
High and Low,Akira Kurosawa,(1963),143 min,"Crime, Drama, Mystery",8.4,90,0
Kaithi,Lokesh Kanagaraj,(2019),145 min,"Action, Adventure, Crime",8.4,0,0
Sardar Udham,Shoojit Sircar,(2021),164 min,"Biography, Crime, Drama",8.4,0,0
Asuran,Vetrimaaran,(2019),141 min,"Action, Drama",8.4,0,0
Drishyam 2,Jeethu Joseph,(2021),152 min,"Crime, Drama, Thriller",8.4,0,0
Top Gun: Maverick,Joseph Kosinski,(2022),130 min,"Action, Drama",8.3,78,$718.73M
Heat,Michael Mann,(1995),170 min,"Action, Crime, Drama",8.3,76,$67.44M
Inglourious Basterds,Quentin Tarantino,(2009),153 min,"Adventure, Drama, War",8.3,69,$120.54M
Full Metal Jacket,Stanley Kubrick,(1987),116 min,"Drama, War",8.3,78,$46.36M
Scarface,Brian De Palma,(1983),170 min,"Crime, Drama",8.3,65,$45.60M
American Beauty,Sam Mendes,(1999),122 min,Drama,8.3,84,$130.10M
Requiem for a Dream,Darren Aronofsky,(2000),102 min,Drama,8.3,71,$3.64M
Good Will Hunting,Gus Van Sant,(1997),126 min,"Drama, Romance",8.3,70,$138.43M
Eternal Sunshine of the Spotless Mind,Michel Gondry,(2004),108 min,"Drama, Romance, Sci-Fi",8.3,89,$34.40M
A Clockwork Orange,Stanley Kubrick,(1971),136 min,"Crime, Sci-Fi",8.3,77,$6.21M
Vertigo,Alfred Hitchcock,(1958),128 min,"Mystery, Romance, Thriller",8.3,100,$3.20M
Braveheart,Mel Gibson,(1995),178 min,"Biography, Drama, History",8.3,68,$75.60M
2001: A Space Odyssey,Stanley Kubrick,(1968),149 min,"Adventure, Sci-Fi",8.3,84,$56.95M
Reservoir Dogs,Quentin Tarantino,(1992),99 min,"Crime, Thriller",8.3,81,$2.83M
Once Upon a Time in America,Sergio Leone,(1984),229 min,"Crime, Drama",8.3,75,$5.32M
The Hunt,Thomas Vinterberg,(2012),115 min,Drama,8.3,77,$0.69M
Toy Story,John Lasseter,(1995),81 min,"Animation, Adventure, Comedy",8.3,96,$191.80M
Hamilton,Thomas Kail,(2020),160 min,"Biography, Drama, History",8.3,89,0
Up,Pete Docter,(2009),96 min,"Animation, Adventure, Comedy",8.3,88,$293.00M
Star Wars: Episode VI - Return of the Jedi,Richard Marquand,(1983),131 min,"Action, Adventure, Fantasy",8.3,58,$309.13M
Amélie,Jean-Pierre Jeunet,(2001),122 min,"Comedy, Romance",8.3,69,$33.23M
Incendies,Denis Villeneuve,(2010),131 min,"Drama, Mystery",8.3,80,$6.86M
Lawrence of Arabia,David Lean,(1962),218 min,"Adventure, Biography, Drama",8.3,100,$44.82M
Toy Story 3,Lee Unkrich,(2010),103 min,"Animation, Adventure, Comedy",8.3,92,$415.00M
Princess Mononoke,Hayao Miyazaki,(1997),134 min,"Animation, Action, Adventure",8.3,76,$2.38M
North by Northwest,Alfred Hitchcock,(1959),136 min,"Action, Adventure, Mystery",8.3,98,$13.28M
To Kill a Mockingbird,Robert Mulligan,(1962),129 min,"Crime, Drama",8.3,88,0
Citizen Kane,Orson Welles,(1941),119 min,"Drama, Mystery",8.3,100,$1.59M
Singin' in the Rain,Stanley Donen,(1952),103 min,"Comedy, Musical, Romance",8.3,99,$8.82M
Metropolis,Fritz Lang,(1927),153 min,"Drama, Sci-Fi",8.3,98,$1.24M
The Sting,George Roy Hill,(1973),129 min,"Comedy, Crime, Drama",8.3,83,$159.60M
A Separation,Asghar Farhadi,(2011),123 min,Drama,8.3,95,$7.10M
M,Fritz Lang,(1931),99 min,"Crime, Mystery, Thriller",8.3,0,$0.03M
The Apartment,Billy Wilder,(1960),125 min,"Comedy, Drama, Romance",8.3,94,$18.60M
Dangal,Nitesh Tiwari,(2016),161 min,"Action, Biography, Drama",8.3,0,$12.39M
Ikiru,Akira Kurosawa,(1952),143 min,Drama,8.3,92,$0.06M
Judgment at Nuremberg,Stanley Kramer,(1961),179 min,"Drama, War",8.3,60,0
Kantara,Rishab Shetty,(2022),148 min,"Action, Adventure, Drama",8.3,0,0
Double Indemnity,Billy Wilder,(1944),107 min,"Crime, Drama, Film-Noir",8.3,95,$5.72M
Like Stars on Earth,Aamir Khan,(2007),165 min,"Drama, Family",8.3,0,$1.22M
Bicycle Thieves,Vittorio De Sica,(1948),89 min,Drama,8.3,0,$0.33M
Ayla: The Daughter of War,Can Ulkay,(2017),125 min,"Biography, Drama, History",8.3,0,0
K.G.F: Chapter 2,Prashanth Neel,(2022),168 min,"Action, Crime, Drama",8.3,0,$6.60M
Vikram,Lokesh Kanagaraj,(2022),175 min,"Action, Crime, Thriller",8.3,0,0
Chhichhore,Nitesh Tiwari,(2019),143 min,"Comedy, Drama, Romance",8.3,0,$0.90M
The Kid,Charles Chaplin,(1921),68 min,"Comedy, Drama, Family",8.3,0,$5.45M
Shershaah,Vishnuvardhan,(2021),135 min,"Action, Biography, Drama",8.3,0,0
Raatchasan,Ram Kumar,(2018),170 min,"Action, Crime, Drama",8.3,0,0
Drishyam,Jeethu Joseph,(2013),160 min,"Crime, Drama, Thriller",8.3,0,0
Guardians of the Galaxy Vol. 3,James Gunn,(2023),150 min,"Action, Adventure, Comedy",8.2,64,0
Indiana Jones and the Last Crusade,Steven Spielberg,(1989),127 min,"Action, Adventure",8.2,65,$197.17M
The Wolf of Wall Street,Martin Scorsese,(2013),180 min,"Biography, Comedy, Crime",8.2,75,$116.90M
Spider-Man: No Way Home,Jon Watts,(2021),148 min,"Action, Adventure, Fantasy",8.2,71,$804.75M
There Will Be Blood,Paul Thomas Anderson,(2007),158 min,Drama,8.2,93,$40.22M
Jurassic Park,Steven Spielberg,(1993),127 min,"Action, Adventure, Sci-Fi",8.2,68,$402.45M
Shutter Island,Martin Scorsese,(2010),138 min,"Mystery, Thriller",8.2,63,$128.01M
No Country for Old Men,Ethan Coen,(2007),122 min,"Crime, Drama, Thriller",8.2,92,$74.28M
The Thing,John Carpenter,(1982),109 min,"Horror, Mystery, Sci-Fi",8.2,57,$13.78M
Batman Begins,Christopher Nolan,(2005),140 min,"Action, Crime, Drama",8.2,70,$206.85M
Taxi Driver,Martin Scorsese,(1976),114 min,"Crime, Drama",8.2,94,$28.26M
1917,Sam Mendes,(2019),119 min,"Action, Drama, War",8.2,78,$159.23M
Casino,Martin Scorsese,(1995),178 min,"Crime, Drama",8.2,73,$42.44M
Snatch,Guy Ritchie,(2000),102 min,"Comedy, Crime",8.2,55,$30.33M
Howl's Moving Castle,Hayao Miyazaki,(2004),119 min,"Animation, Adventure, Family",8.2,82,$4.71M
Unforgiven,Clint Eastwood,(1992),130 min,"Drama, Western",8.2,85,$101.16M
The Truman Show,Peter Weir,(1998),103 min,"Comedy, Drama",8.2,90,$125.62M
Green Book,Peter Farrelly,(2018),130 min,"Biography, Comedy, Drama",8.2,69,$85.08M
Kill Bill: Vol. 1,Quentin Tarantino,(2003),111 min,"Action, Crime, Thriller",8.2,69,$70.10M
L.A. Confidential,Curtis Hanson,(1997),138 min,"Crime, Drama, Mystery",8.2,91,$64.62M
The Sixth Sense,M. Night Shyamalan,(1999),107 min,"Drama, Mystery, Thriller",8.2,64,$293.51M
Finding Nemo,Andrew Stanton,(2003),100 min,"Animation, Adventure, Comedy",8.2,90,$380.84M
Die Hard,John McTiernan,(1988),132 min,"Action, Thriller",8.2,72,$83.01M
A Beautiful Mind,Ron Howard,(2001),135 min,"Biography, Drama",8.2,72,$170.74M
The Father,Florian Zeller,(I) (2020),97 min,"Drama, Mystery",8.2,88,0
Downfall,Oliver Hirschbiegel,(2004),156 min,"Biography, Drama, History",8.2,82,$5.51M
Gone with the Wind,Victor Fleming,(1939),238 min,"Drama, Romance, War",8.2,97,$198.68M
Chinatown,Roman Polanski,(1974),130 min,"Drama, Mystery, Thriller",8.2,92,$8.49M
V for Vendetta,James McTeigue,(2005),132 min,"Action, Drama, Sci-Fi",8.2,62,$70.51M
Pan's Labyrinth,Guillermo del Toro,(2006),118 min,"Drama, Fantasy, War",8.2,98,$37.63M
The Great Escape,John Sturges,(1963),172 min,"Adventure, Drama, History",8.2,86,$12.10M
Some Like It Hot,Billy Wilder,(1959),121 min,"Comedy, Music, Romance",8.2,98,$25.00M
Monty Python and the Holy Grail,Terry Gilliam,(1975),91 min,"Adventure, Comedy, Fantasy",8.2,91,$1.23M
The Elephant Man,David Lynch,(1980),124 min,"Biography, Drama",8.2,78,0
Demon Slayer the Movie: Mugen Train,Haruo Sotozaki,(2020),117 min,"Animation, Action, Adventure",8.2,72,$47.70M
The Secret in Their Eyes,Juan José Campanella,(2009),129 min,"Drama, Mystery, Romance",8.2,80,$6.39M
For a Few Dollars More,Sergio Leone,(1965),132 min,"Drama, Western",8.2,74,$15.00M
Ran,Akira Kurosawa,(1985),162 min,"Action, Drama, War",8.2,97,$4.14M
Klaus,Sergio Pablos,(2019),96 min,"Animation, Adventure, Comedy",8.2,65,0
Drishyam 2,Abhishek Pathak,(2022),140 min,"Crime, Drama, Mystery",8.2,0,0
Dial M for Murder,Alfred Hitchcock,(1954),105 min,"Crime, Thriller",8.2,75,$0.01M
All About Eve,Joseph L. Mankiewicz,(1950),138 min,Drama,8.2,98,$0.01M
Baahubali 2: The Conclusion,S.S. Rajamouli,(2017),167 min,"Action, Drama",8.2,0,$20.19M
Andhadhun,Sriram Raghavan,(2018),139 min,"Crime, Mystery, Thriller",8.2,0,$1.37M
Gangs of Wasseypur,Anurag Kashyap,(2012),321 min,"Action, Comedy, Crime",8.2,89,0
Rashomon,Akira Kurosawa,(1950),88 min,"Crime, Drama, Mystery",8.2,98,$0.10M
The Treasure of the Sierra Madre,John Huston,(1948),126 min,"Adventure, Drama, Western",8.2,98,$5.01M
Yojimbo,Akira Kurosawa,(1961),110 min,"Action, Drama, Thriller",8.2,93,0
To Be or Not to Be,Ernst Lubitsch,(1942),99 min,"Comedy, Romance, War",8.2,86,0
Drishyam,Nishikant Kamat,(2015),163 min,"Crime, Drama, Mystery",8.2,0,$0.74M
Tumbbad,Rahi Anil Barve,(2018),104 min,"Drama, Fantasy, Horror",8.2,0,0
Zindagi Na Milegi Dobara,Zoya Akhtar,(2011),155 min,"Comedy, Drama, Musical",8.2,0,$3.11M
Miracle in Cell No. 7,Mehmet Ada Öztekin,(2019),132 min,Drama,8.2,0,0
Pather Panchali,Satyajit Ray,(1955),125 min,Drama,8.2,0,$0.54M
Z,Costa-Gavras,(1969),127 min,"Crime, Drama, Thriller",8.2,86,$0.08M
Tokyo Story,Yasujirô Ozu,(1953),136 min,Drama,8.2,100,0
Children of Heaven,Majid Majidi,(1997),89 min,"Drama, Family, Sport",8.2,77,$0.93M
Uri: The Surgical Strike,Aditya Dhar,(2019),138 min,"Action, Drama, History",8.2,0,$4.19M
Swades,Ashutosh Gowariker,(2004),189 min,"Drama, Musical",8.2,0,$1.22M
The Wages of Fear,Henri-Georges Clouzot,(1953),131 min,"Adventure, Drama, Thriller",8.2,85,0
K.G.F: Chapter 1,Prashanth Neel,(2018),156 min,"Action, Crime, Drama",8.2,0,0
The Passion of Joan of Arc,Carl Theodor Dreyer,(1928),114 min,"Biography, Drama, History",8.2,98,$0.02M
My Father and My Son,Çagan Irmak,(2005),112 min,"Drama, Family",8.2,0,0
Sherlock Jr.,Buster Keaton,(1924),45 min,"Action, Comedy, Romance",8.2,0,$0.98M
Dersu Uzala,Akira Kurosawa,(1975),142 min,"Adventure, Biography, Drama",8.2,0,0
Umberto D.,Vittorio De Sica,(1952),89 min,Drama,8.2,92,$0.07M
Vikram Vedha,Gayatri,(2017),147 min,"Action, Crime, Drama",8.2,0,0
Paan Singh Tomar,Tigmanshu Dhulia,(2012),135 min,"Action, Biography, Crime",8.2,0,$0.04M
Rangasthalam 1985,Sukumar,(2018),170 min,"Action, Drama",8.2,0,$3.51M
Bhaag Milkha Bhaag,Rakeysh Omprakash Mehra,(2013),186 min,"Biography, Drama, Sport",8.2,0,$1.63M
Jaws,Steven Spielberg,(1975),124 min,"Adventure, Mystery, Thriller",8.1,87,$260.00M
The Grand Budapest Hotel,Wes Anderson,(2014),99 min,"Adventure, Comedy, Crime",8.1,88,$59.10M
Prisoners,Denis Villeneuve,(2013),153 min,"Crime, Drama, Mystery",8.1,70,$61.00M
Pirates of the Caribbean: The Curse of the Black Pearl,Gore Verbinski,(2003),143 min,"Action, Adventure, Fantasy",8.1,63,$305.41M
Blade Runner,Ridley Scott,(1982),117 min,"Action, Drama, Sci-Fi",8.1,84,$32.87M
The Terminator,James Cameron,(1984),107 min,"Action, Sci-Fi",8.1,84,$38.40M
Mad Max: Fury Road,George Miller,(2015),120 min,"Action, Adventure, Sci-Fi",8.1,90,$154.06M
Gone Girl,David Fincher,(2014),149 min,"Drama, Mystery, Thriller",8.1,79,$167.77M
Ford v Ferrari,James Mangold,(2019),152 min,"Action, Biography, Drama",8.1,81,$117.62M
The Help,Tate Taylor,(2011),146 min,Drama,8.1,62,$169.71M
Logan,James Mangold,(2017),137 min,"Action, Drama, Sci-Fi",8.1,77,$226.28M
Catch Me If You Can,Steven Spielberg,(2002),141 min,"Biography, Crime, Drama",8.1,75,$164.62M
The Big Lebowski,Joel Coen,(1998),117 min,"Comedy, Crime",8.1,71,$17.50M
Hacksaw Ridge,Mel Gibson,(2016),139 min,"Biography, Drama, History",8.1,71,$67.21M
Stand by Me,Rob Reiner,(1986),89 min,"Adventure, Drama",8.1,75,$52.29M
Ratatouille,Brad Bird,(2007),111 min,"Animation, Adventure, Comedy",8.1,96,$206.45M
Harry Potter and the Deathly Hallows: Part 2,David Yates,(2011),130 min,"Adventure, Family, Fantasy",8.1,85,$381.01M
The Exorcist,William Friedkin,(1973),122 min,Horror,8.1,81,$232.91M
Inside Out,Pete Docter,(I) (2015),95 min,"Animation, Adventure, Comedy",8.1,94,$356.46M
The Handmaiden,Park Chan-wook,(2016),145 min,"Drama, Romance, Thriller",8.1,85,$2.01M
Rocky,John G. Avildsen,(1976),120 min,"Drama, Sport",8.1,70,$117.24M
On the Waterfront,Elia Kazan,(1954),108 min,"Crime, Drama, Thriller",8.1,91,$9.60M
Fargo,Joel Coen,(1996),98 min,"Crime, Thriller",8.1,86,$24.61M
Trainspotting,Danny Boyle,(1996),93 min,Drama,8.1,83,$16.50M
The Wizard of Oz,Victor Fleming,(1939),102 min,"Adventure, Family, Fantasy",8.1,92,$2.08M
"Three Billboards Outside Ebbing, Missouri",Martin McDonagh,(2017),115 min,"Comedy, Crime, Drama",8.1,88,$54.51M
Dead Poets Society,Peter Weir,(1989),128 min,"Comedy, Drama",8.1,79,$95.86M
Into the Wild,Sean Penn,(2007),148 min,"Adventure, Biography, Drama",8.1,73,$18.35M
The Deer Hunter,Michael Cimino,(1978),183 min,"Drama, War",8.1,86,$48.98M
"Monsters, Inc.",Pete Docter,(2001),92 min,"Animation, Adventure, Comedy",8.1,79,$289.92M
Memories of Murder,Bong Joon Ho,(2003),132 min,"Crime, Drama, Mystery",8.1,82,$0.01M
Room,Lenny Abrahamson,(I) (2015),118 min,"Drama, Thriller",8.1,86,$14.68M
Before Sunrise,Richard Linklater,(1995),101 min,"Drama, Romance",8.1,77,$5.54M
Rush,Ron Howard,(I) (2013),123 min,"Action, Biography, Drama",8.1,74,$26.95M
12 Years a Slave,Steve McQueen,(2013),134 min,"Biography, Drama, History",8.1,96,$56.67M
Spotlight,Tom McCarthy,(I) (2015),129 min,"Biography, Crime, Drama",8.1,93,$45.06M
The Sound of Music,Robert Wise,(1965),172 min,"Biography, Drama, Family",8.1,63,$163.21M
Platoon,Oliver Stone,(1986),120 min,"Drama, War",8.1,92,$138.53M
How to Train Your Dragon,Dean DeBlois,(2010),98 min,"Animation, Action, Adventure",8.1,75,$217.58M
"Lock, Stock and Two Smoking Barrels",Guy Ritchie,(1998),107 min,"Action, Comedy, Crime",8.1,66,$3.90M
Warrior,Gavin O'Connor,(2011),140 min,"Action, Drama, Sport",8.1,71,$13.66M
Portrait of a Lady on Fire,Céline Sciamma,(2019),122 min,Drama,8.1,95,$3.76M
Gran Torino,Clint Eastwood,(2008),116 min,Drama,8.1,72,$148.10M
Million Dollar Baby,Clint Eastwood,(2004),132 min,"Drama, Sport",8.1,86,$100.49M
Barry Lyndon,Stanley Kubrick,(1975),185 min,"Adventure, Drama, War",8.1,89,0
In the Mood for Love,Kar-Wai Wong,(2000),98 min,"Drama, Romance",8.1,87,$2.73M
La haine,Mathieu Kassovitz,(1995),98 min,"Crime, Drama",8.1,0,$0.31M
Hachi: A Dog's Tale,Lasse Hallström,(2009),93 min,"Biography, Drama, Family",8.1,0,0
My Neighbor Totoro,Hayao Miyazaki,(1988),86 min,"Animation, Comedy, Family",8.1,86,$1.11M
Raging Bull,Martin Scorsese,(1980),129 min,"Biography, Drama, Sport",8.1,90,$23.38M
Cool Hand Luke,Stuart Rosenberg,(1967),127 min,"Crime, Drama",8.1,92,$16.22M
The Iron Giant,Brad Bird,(1999),86 min,"Animation, Action, Adventure",8.1,85,$23.16M
Wild Tales,Damián Szifron,(2014),122 min,"Comedy, Drama, Thriller",8.1,77,$3.11M
Before Sunset,Richard Linklater,(2004),80 min,"Drama, Romance",8.1,91,$5.82M
Stalker,Andrei Tarkovsky,(1979),162 min,"Drama, Sci-Fi",8.1,85,$0.23M
A Silent Voice: The Movie,Naoko Yamada,(2016),130 min,"Animation, Drama",8.1,78,0
Network,Sidney Lumet,(1976),121 min,Drama,8.1,83,0
Ben-Hur,William Wyler,(1959),212 min,"Adventure, Drama",8.1,90,$74.70M
"Paris, Texas",Wim Wenders,(1984),145 min,Drama,8.1,81,$2.18M
The Seventh Seal,Ingmar Bergman,(1957),96 min,"Drama, Fantasy",8.1,88,0
The Bridge on the River Kwai,David Lean,(1957),161 min,"Adventure, Drama, War",8.1,87,$44.91M
Persona,Ingmar Bergman,(1966),83 min,"Drama, Thriller",8.1,86,0
In the Name of the Father,Jim Sheridan,(1993),133 min,"Biography, Crime, Drama",8.1,84,$25.01M
Hotel Rwanda,Terry George,(2004),121 min,"Biography, Drama, History",8.1,79,$23.53M
Amores Perros,Alejandro G. Iñárritu,(2000),154 min,"Drama, Thriller",8.1,83,$5.38M
The Message,Moustapha Akkad,(1976),177 min,"Biography, Drama, History",8.1,0,0
Rebecca,Alfred Hitchcock,(1940),130 min,"Drama, Film-Noir, Mystery",8.1,86,$4.36M
Neon Genesis Evangelion: The End of Evangelion,Hideaki Anno,(1997),87 min,"Animation, Action, Drama",8.1,0,0
The Man Who Shot Liberty Valance,John Ford,(1962),123 min,"Drama, Western",8.1,94,0
Inherit the Wind,Stanley Kramer,(1960),128 min,"Biography, Drama, History",8.1,75,0
The Third Man,Carol Reed,(1949),93 min,"Film-Noir, Mystery, Thriller",8.1,97,$0.45M
Paper Moon,Peter Bogdanovich,(1973),102 min,"Comedy, Crime, Drama",8.1,77,$30.93M
The Best Years of Our Lives,William Wyler,(1946),170 min,"Drama, Romance, War",8.1,93,$23.65M
The Grapes of Wrath,John Ford,(1940),129 min,Drama,8.1,96,$0.06M
All Quiet on the Western Front,Lewis Milestone,(1930),152 min,"Drama, War",8.1,91,$3.27M
Mary and Max,Adam Elliot,(2009),92 min,"Animation, Comedy, Drama",8.1,0,0
A Woman Under the Influence,John Cassavetes,(1974),155 min,"Drama, Romance",8.1,88,$13.34M
The 400 Blows,François Truffaut,(1959),99 min,"Crime, Drama",8.1,0,0
Three Colors: Red,Krzysztof Kieslowski,(1994),99 min,"Drama, Mystery, Romance",8.1,100,$4.04M
The Celebration,Thomas Vinterberg,(1998),105 min,Drama,8.1,82,$1.65M
PK,Rajkumar Hirani,(2014),153 min,"Comedy, Drama, Sci-Fi",8.1,0,$10.62M
It Happened One Night,Frank Capra,(1934),105 min,"Comedy, Romance",8.1,87,$4.36M
Fanny and Alexander,Ingmar Bergman,(1982),188 min,Drama,8.1,100,$4.97M
Bajrangi Bhaijaan,Kabir Khan,(2015),163 min,"Action, Adventure, Comedy",8.1,0,$8.18M
Wild Strawberries,Ingmar Bergman,(1957),91 min,"Drama, Romance",8.1,88,0
The Red Shoes,Michael Powell,(1948),135 min,"Drama, Music, Romance",8.1,0,$10.90M
Lagaan: Once Upon a Time in India,Ashutosh Gowariker,(2001),224 min,"Drama, Musical, Sport",8.1,84,$0.07M
Yi Yi: A One and a Two...,Edward Yang,(2000),173 min,"Drama, Romance",8.1,94,$1.14M
Underground,Emir Kusturica,(1995),167 min,"Comedy, Drama, Fantasy",8.1,79,$0.17M
The Battle of Algiers,Gillo Pontecorvo,(1966),121 min,"Drama, War",8.1,96,$0.06M
Farewell My Concubine,Kaige Chen,(1993),171 min,"Drama, Music, Romance",8.1,83,$5.22M
Mr. Smith Goes to Washington,Frank Capra,(1939),129 min,"Comedy, Drama",8.1,73,$9.60M
Winter Sleep,Nuri Bilge Ceylan,(2014),196 min,Drama,8.1,88,$0.17M
Diabolique,Henri-Georges Clouzot,(1955),117 min,"Crime, Drama, Horror",8.1,0,$1.09M
Andrei Rublev,Andrei Tarkovsky,(1966),205 min,"Biography, Drama, History",8.1,0,$0.10M
Dil Chahta Hai,Farhan Akhtar,(2001),183 min,"Comedy, Drama, Romance",8.1,0,$0.30M
Wolf Children,Mamoru Hosoda,(2012),117 min,"Animation, Drama, Family",8.1,71,0
The Hidden Fortress,Akira Kurosawa,(1958),126 min,"Action, Adventure, Drama",8.1,89,0
Ace in the Hole,Billy Wilder,(1951),111 min,"Drama, Film-Noir",8.1,72,$3.97M
White Heat,Raoul Walsh,(1949),114 min,"Action, Crime, Drama",8.1,0,0
The General,Clyde Bruckman,(1926),78 min,"Action, Adventure, Comedy",8.1,0,$1.03M
Masaan,Neeraj Ghaywan,(2015),109 min,Drama,8.1,0,0
The Gold Rush,Charles Chaplin,(1925),95 min,"Adventure, Comedy, Drama",8.1,0,$5.45M
Throne of Blood,Akira Kurosawa,(1957),110 min,Drama,8.1,0,0
Barfi!,Anurag Basu,(2012),151 min,"Comedy, Drama, Romance",8.1,0,$2.80M
Talvar,Meghna Gulzar,(2015),132 min,"Crime, Drama, Mystery",8.1,0,$0.34M
Sunrise,F.W. Murnau,(1927),94 min,"Drama, Romance",8.1,95,$0.54M
Autumn Sonata,Ingmar Bergman,(1978),99 min,"Drama, Music",8.1,0,0
A Wednesday,Neeraj Pandey,(2008),104 min,"Action, Crime, Drama",8.1,0,0
Rififi,Jules Dassin,(1955),118 min,"Crime, Drama, Thriller",8.1,97,$0.06M
Rang De Basanti,Rakeysh Omprakash Mehra,(2006),167 min,"Comedy, Crime, Drama",8.1,0,$2.20M
The Grand Illusion,Jean Renoir,(1937),113 min,"Drama, War",8.1,0,$0.17M
Raise the Red Lantern,Yimou Zhang,(1991),125 min,"Drama, Romance",8.1,0,$2.60M
Nights of Cabiria,Federico Fellini,(1957),110 min,Drama,8.1,0,$0.75M
Pink,Aniruddha Roy Chowdhury,(III) (2016),136 min,"Crime, Drama, Thriller",8.1,0,$1.24M
Let's Go! India,Shimit Amin,(2007),153 min,"Drama, Family, Sport",8.1,68,$1.11M
The Virgin Spring,Ingmar Bergman,(1960),89 min,Drama,8.1,0,$1.53M
Queen,Vikas Bahl,(2013),146 min,"Adventure, Comedy, Drama",8.1,0,$1.43M
Jean de Florette,Claude Berri,(1986),120 min,"Comedy, Drama",8.1,0,$4.94M
Article 15,Anubhav Sinha,(2019),130 min,"Crime, Drama, Mystery",8.1,0,0
Time of the Gypsies,Emir Kusturica,(1988),142 min,"Comedy, Crime, Drama",8.1,0,$0.28M
Sholay,Ramesh Sippy,(1975),162 min,"Action, Adventure, Comedy",8.1,0,0
Munna Bhai M.B.B.S.,Rajkumar Hirani,(2003),156 min,"Comedy, Drama",8.1,0,0
Tangerines,Zaza Urushadze,(2013),87 min,"Drama, War",8.1,73,$0.14M
Kahaani,Sujoy Ghosh,(2012),122 min,"Mystery, Thriller",8.1,0,$1.04M
Hera Pheri,Priyadarshan,(2000),156 min,"Action, Comedy, Crime",8.1,0,0
The Bandit,Yavuz Turgul,(1996),128 min,"Crime, Drama, Thriller",8.1,0,0
The Circus,Charles Chaplin,(1928),72 min,"Comedy, Family, Romance",8.1,90,0
Udaan,Vikramaditya Motwane,(2010),134 min,Drama,8.1,0,$0.01M
OMG: Oh My God!,Umesh Shukla,(2012),125 min,"Comedy, Drama, Fantasy",8.1,0,$0.92M
Black,Sanjay Leela Bhansali,(2005),122 min,Drama,8.1,0,$0.73M
Everything's Gonna Be Great,Ömer Vargi,(1998),107 min,"Comedy, Drama, Thriller",8.1,0,0
Sarfarosh,John Mathew Matthan,(1999),174 min,"Action, Drama, Thriller",8.1,0,0
Anand,Hrishikesh Mukherjee,(1971),122 min,"Drama, Musical",8.1,0,0
Dune,Denis Villeneuve,(2021),155 min,"Action, Adventure, Drama",8.0,74,$108.33M
Blade Runner 2049,Denis Villeneuve,(2017),164 min,"Action, Drama, Mystery",8.0,81,$92.05M
Guardians of the Galaxy,James Gunn,(2014),121 min,"Action, Adventure, Comedy",8.0,76,$333.18M
Deadpool,Tim Miller,(2016),108 min,"Action, Comedy",8.0,65,$363.07M
Rain Man,Barry Levinson,(1988),133 min,Drama,8.0,65,$178.80M
Black Swan,Darren Aronofsky,(2010),108 min,"Drama, Thriller",8.0,79,$106.95M
The Princess Bride,Rob Reiner,(1987),98 min,"Adventure, Comedy, Family",8.0,77,$30.86M
The Avengers,Joss Whedon,(2012),143 min,"Action, Sci-Fi",8.0,69,$623.28M
La La Land,Damien Chazelle,(2016),128 min,"Comedy, Drama, Music",8.0,94,$151.10M
The Martian,Ridley Scott,(2015),144 min,"Adventure, Drama, Sci-Fi",8.0,80,$228.43M
Donnie Darko,Richard Kelly,(2001),113 min,"Drama, Mystery, Sci-Fi",8.0,88,$1.48M
The Incredibles,Brad Bird,(2004),115 min,"Animation, Action, Adventure",8.0,90,$261.44M
Her,Spike Jonze,(2013),126 min,"Drama, Romance, Sci-Fi",8.0,91,$25.57M
Zootopia,Byron Howard,(2016),108 min,"Animation, Adventure, Comedy",8.0,78,$341.27M
The Graduate,Mike Nichols,(1967),106 min,"Comedy, Drama, Romance",8.0,83,$104.95M
Casino Royale,Martin Campbell,(2006),144 min,"Action, Adventure, Thriller",8.0,80,$167.45M
The Revenant,Alejandro G. Iñárritu,(I) (2015),156 min,"Action, Adventure, Drama",8.0,76,$183.64M
The Imitation Game,Morten Tyldum,(2014),114 min,"Biography, Drama, Thriller",8.0,71,$91.13M
Sin City,Frank Miller,(2005),124 min,"Crime, Thriller",8.0,74,$74.10M
CODA,Sian Heder,(2021),111 min,"Comedy, Drama, Music",8.0,72,0
Dances with Wolves,Kevin Costner,(1990),181 min,"Adventure, Drama, Western",8.0,72,$184.21M
Magnolia,Paul Thomas Anderson,(1999),188 min,Drama,8.0,78,$22.46M
Slumdog Millionaire,Danny Boyle,(2008),120 min,"Crime, Drama, Romance",8.0,84,$141.32M
Scent of a Woman,Martin Brest,(1992),156 min,Drama,8.0,59,$63.90M
Soul,Pete Docter,(2020),100 min,"Animation, Adventure, Comedy",8.0,83,0
Groundhog Day,Harold Ramis,(1993),101 min,"Comedy, Drama, Fantasy",8.0,72,$70.91M
Do the Right Thing,Spike Lee,(1989),120 min,"Comedy, Drama",8.0,93,$27.55M
Dog Day Afternoon,Sidney Lumet,(1975),125 min,"Biography, Crime, Drama",8.0,86,$50.00M
Young Frankenstein,Mel Brooks,(1974),106 min,Comedy,8.0,83,$86.30M
Aladdin,Ron Clements,(1992),90 min,"Animation, Adventure, Comedy",8.0,86,$217.35M
Blood Diamond,Edward Zwick,(2006),143 min,"Adventure, Drama, Thriller",8.0,64,$57.37M
12 Monkeys,Terry Gilliam,(1995),129 min,"Mystery, Sci-Fi, Thriller",8.0,74,$57.14M
The Pursuit of Happyness,Gabriele Muccino,(2006),117 min,"Biography, Drama",8.0,64,$163.57M
Big Fish,Tim Burton,(2003),125 min,"Adventure, Drama, Fantasy",8.0,58,$66.26M
Beauty and the Beast,Gary Trousdale,(1991),84 min,"Animation, Family, Fantasy",8.0,95,$218.97M
JFK,Oliver Stone,(1991),189 min,"Drama, History, Thriller",8.0,72,$70.41M
High Noon,Fred Zinnemann,(1952),85 min,"Drama, Thriller, Western",8.0,89,$9.45M
Planet of the Apes,Franklin J. Schaffner,(1968),112 min,"Adventure, Sci-Fi",8.0,79,$33.40M
The Bourne Ultimatum,Paul Greengrass,(2007),115 min,"Action, Mystery, Thriller",8.0,85,$227.47M
Akira,Katsuhiro Ôtomo,(1988),124 min,"Animation, Action, Drama",8.0,67,$0.55M
Rosemary's Baby,Roman Polanski,(1968),137 min,"Drama, Horror",8.0,96,0
Perfect Blue,Satoshi Kon,(1997),81 min,"Animation, Crime, Drama",8.0,67,$0.78M
The Invisible Guest,Oriol Paulo,(2016),106 min,"Crime, Drama, Mystery",8.0,0,0
Kill Bill: Vol. 2,Quentin Tarantino,(2004),137 min,"Action, Crime, Thriller",8.0,83,$66.21M
Life of Brian,Terry Jones,(1979),94 min,Comedy,8.0,77,$20.05M
Butch Cassidy and the Sundance Kid,George Roy Hill,(1969),110 min,"Biography, Crime, Drama",8.0,66,$102.31M
The King's Speech,Tom Hooper,(2010),118 min,"Biography, Drama, History",8.0,88,$138.80M
Dogville,Lars von Trier,(2003),178 min,"Crime, Drama",8.0,61,$1.53M
Fiddler on the Roof,Norman Jewison,(1971),181 min,"Drama, Family, Musical",8.0,67,$80.50M
Lion,Garth Davis,(2016),118 min,"Biography, Drama",8.0,69,$51.74M
What Ever Happened to Baby Jane?,Robert Aldrich,(1962),134 min,"Drama, Horror, Thriller",8.0,75,$4.05M
Ip Man,Wilson Yip,(2008),106 min,"Action, Biography, Drama",8.0,59,0
Sling Blade,Billy Bob Thornton,(1996),135 min,Drama,8.0,84,$24.48M
Chungking Express,Kar-Wai Wong,(1994),102 min,"Comedy, Crime, Drama",8.0,78,$0.60M
Roman Holiday,William Wyler,(1953),118 min,"Comedy, Romance",8.0,78,0
Papillon,Franklin J. Schaffner,(1973),151 min,"Biography, Crime, Drama",8.0,58,$53.27M
Mommy,Xavier Dolan,(I) (2014),139 min,Drama,8.0,74,$3.49M
Being There,Hal Ashby,(1979),130 min,"Comedy, Drama",8.0,83,$30.18M
The Last Picture Show,Peter Bogdanovich,(1971),118 min,"Drama, Romance",8.0,93,$29.13M
8½,Federico Fellini,(1963),138 min,"Biography, Drama",8.0,93,$0.05M
Annie Hall,Woody Allen,(1977),93 min,"Comedy, Romance",8.0,92,$39.20M
Nausicaä of the Valley of the Wind,Hayao Miyazaki,(1984),117 min,"Animation, Adventure, Sci-Fi",8.0,86,$0.50M
The Maltese Falcon,John Huston,(1941),100 min,"Crime, Film-Noir, Mystery",8.0,97,$2.11M
Solaris,Andrei Tarkovsky,(1972),167 min,"Drama, Mystery, Sci-Fi",8.0,93,0
Castle in the Sky,Hayao Miyazaki,(1986),125 min,"Animation, Adventure, Family",8.0,78,0
Rio Bravo,Howard Hawks,(1959),141 min,"Drama, Western",8.0,93,$12.54M
Pink Floyd: The Wall,Alan Parker,(1982),95 min,"Drama, Fantasy, Music",8.0,47,$22.24M
Cinderella Man,Ron Howard,(2005),144 min,"Biography, Drama, Romance",8.0,69,$61.65M
The Legend of 1900,Giuseppe Tornatore,(1998),169 min,"Drama, Music, Romance",8.0,58,$0.26M
The Night of the Hunter,Charles Laughton,(1955),92 min,"Crime, Drama, Film-Noir",8.0,97,$0.65M
Fitzcarraldo,Werner Herzog,(1982),158 min,"Adventure, Drama",8.0,0,0
La Dolce Vita,Federico Fellini,(1960),174 min,"Comedy, Drama",8.0,95,$19.52M
Gandhi,Richard Attenborough,(1982),191 min,"Biography, Drama, History",8.0,79,$52.77M
Wings of Desire,Wim Wenders,(1987),128 min,"Drama, Fantasy, Romance",8.0,79,$3.33M
Who's Afraid of Virginia Woolf?,Mike Nichols,(1966),131 min,Drama,8.0,75,0
Infernal Affairs,Andrew Lau,(2002),101 min,"Action, Crime, Drama",8.0,75,$0.17M
The Straight Story,David Lynch,(1999),112 min,"Biography, Drama",8.0,86,$6.20M
Baahubali: The Beginning,S.S. Rajamouli,(2015),159 min,"Action, Drama",8.0,0,$6.74M
Anatomy of a Murder,Otto Preminger,(1959),161 min,"Drama, Mystery",8.0,95,$11.90M
Wolfwalkers,Tomm Moore,(2020),103 min,"Animation, Action, Adventure",8.0,87,0
Touch of Evil,Orson Welles,(1958),95 min,"Crime, Drama, Film-Noir",8.0,99,$2.24M
Mirror,Andrei Tarkovsky,(1975),107 min,"Biography, Drama",8.0,82,$0.18M
The Cabinet of Dr. Caligari,Robert Wiene,(1920),67 min,"Horror, Mystery, Thriller",8.0,0,0
The Hustler,Robert Rossen,(1961),134 min,"Drama, Sport",8.0,90,$8.28M
The Leopard,Luchino Visconti,(1963),186 min,"Drama, History",8.0,100,0
Out of the Past,Jacques Tourneur,(1947),97 min,"Crime, Drama, Film-Noir",8.0,85,0
Le Samouraï,Jean-Pierre Melville,(1967),101 min,"Crime, Drama, Thriller",8.0,0,$0.04M
Elite Squad,José Padilha,(2007),115 min,"Action, Crime, Drama",8.0,33,$0.01M
Sweet Smell of Success,Alexander Mackendrick,(1957),96 min,"Drama, Film-Noir",8.0,100,0
The Tale of The Princess Kaguya,Isao Takahata,(2013),137 min,"Animation, Drama, Family",8.0,89,$1.51M
Nobody Knows,Kore-eda Hirokazu,(2004),141 min,Drama,8.0,88,$0.68M
Sleuth,Joseph L. Mankiewicz,(1972),138 min,"Mystery, Thriller",8.0,0,$4.08M
Stalag 17,Billy Wilder,(1953),120 min,"Comedy, Drama, War",8.0,84,0
Secrets & Lies,Mike Leigh,(1996),136 min,"Comedy, Drama",8.0,91,$13.42M
The Diving Bell and the Butterfly,Julian Schnabel,(2007),112 min,"Biography, Drama",8.0,92,$5.99M
Song of the Sea,Tomm Moore,(2014),93 min,"Animation, Adventure, Drama",8.0,85,$0.86M
The Sea Inside,Alejandro Amenábar,(I) (2004),126 min,"Biography, Drama",8.0,74,$2.09M
My Sassy Girl,Jae-young Kwak,(2001),137 min,"Comedy, Drama, Romance",8.0,0,0
Cries & Whispers,Ingmar Bergman,(1972),91 min,Drama,8.0,0,$1.74M
Brief Encounter,David Lean,(1945),86 min,"Drama, Romance",8.0,92,0
Nostalghia,Andrei Tarkovsky,(1983),125 min,Drama,8.0,0,$0.01M
Dilwale Dulhania Le Jayenge,Aditya Chopra,(1995),181 min,"Drama, Romance",8.0,0,0
Departures,Yôjirô Takita,(2008),130 min,Drama,8.0,68,$1.50M
Persepolis,Vincent Paronnaud,(2007),96 min,"Animation, Biography, Drama",8.0,90,$4.45M
M.S. Dhoni: The Untold Story,Mathur Goswami,(2016),184 min,"Biography, Drama, Sport",8.0,0,$1.78M
La strada,Federico Fellini,(1954),108 min,Drama,8.0,0,0
"Black Cat, White Cat",Emir Kusturica,(1998),127 min,"Comedy, Crime, Romance",8.0,73,$0.35M
"Quo Vadis, Aida?",Jasmila Zbanic,(2020),101 min,"Drama, History, War",8.0,97,0
The Wild Pear Tree,Nuri Bilge Ceylan,(2018),188 min,Drama,8.0,86,$0.03M
"Goodbye, Children",Louis Malle,(1987),104 min,"Drama, War",8.0,88,$4.54M
Ivan's Childhood,Andrei Tarkovsky,(1962),95 min,"Drama, War",8.0,0,0
"Spring, Summer, Fall, Winter... and Spring",Kim Ki-duk,(2003),103 min,"Drama, Romance",8.0,85,$2.38M
Haider,Vishal Bhardwaj,(2014),160 min,"Action, Crime, Drama",8.0,0,$0.90M
Elite Squad 2: The Enemy Within,José Padilha,(2010),115 min,"Action, Crime, Drama",8.0,71,$0.10M
The Shop Around the Corner,Ernst Lubitsch,(1940),99 min,"Comedy, Drama, Romance",8.0,96,$0.20M
Kind Hearts and Coronets,Robert Hamer,(1949),106 min,"Comedy, Crime",8.0,0,0
Sanjuro,Akira Kurosawa,(1962),96 min,"Action, Drama, Thriller",8.0,0,0
The Exterminating Angel,Luis Buñuel,(1962),95 min,"Drama, Fantasy",8.0,0,0
Central Station,Walter Salles,(1998),110 min,Drama,8.0,80,$5.60M
G.O.R.A.,Ömer Faruk Sorak,(2004),127 min,"Adventure, Comedy, Sci-Fi",8.0,0,0
"Rome, Open City",Roberto Rossellini,(1945),103 min,"Drama, Thriller, War",8.0,0,0
Tae Guk Gi: The Brotherhood of War,Je-kyu Kang,(2004),140 min,"Action, Drama, War",8.0,64,$1.11M
Winter Light,Ingmar Bergman,(1963),81 min,Drama,8.0,0,0
"Carry On, Munna Bhai",Rajkumar Hirani,(2006),144 min,"Comedy, Drama, Romance",8.0,0,$2.22M
Special 26,Neeraj Pandey,(2013),144 min,"Crime, Drama, Thriller",8.0,0,$1.08M
The Breath,Levent Semerci,(2009),128 min,"Action, Drama, Thriller",8.0,0,0
Andaz Apna Apna,Rajkumar Santoshi,(1994),160 min,"Action, Comedy, Romance",8.0,0,0
Vizontele,Yilmaz Erdogan,(2001),110 min,"Comedy, Drama",8.0,0,0
Titanic,James Cameron,(1997),194 min,"Drama, Romance",7.9,75,$659.33M
John Wick: Chapter 4,Chad Stahelski,(2023),169 min,"Action, Crime, Thriller",7.9,78,0
Avatar,James Cameron,(2009),162 min,"Action, Adventure, Fantasy",7.9,83,$760.51M
Puss in Boots: The Last Wish,Joel Crawford,(2022),102 min,"Animation, Adventure, Comedy",7.9,73,$168.46M
Zack Snyder's Justice League,Zack Snyder,(2021),242 min,"Action, Adventure, Fantasy",7.9,54,0
Arrival,Denis Villeneuve,(II) (2016),116 min,"Drama, Mystery, Sci-Fi",7.9,81,$100.55M
Fantastic Mr. Fox,Wes Anderson,(2009),87 min,"Animation, Adventure, Comedy",7.9,83,$21.00M
Knives Out,Rian Johnson,(2019),130 min,"Comedy, Crime, Drama",7.9,82,$165.36M
Iron Man,Jon Favreau,(2008),126 min,"Action, Adventure, Sci-Fi",7.9,79,$318.41M
Mulholland Drive,David Lynch,(2001),147 min,"Drama, Mystery, Thriller",7.9,86,$7.22M
Harry Potter and the Prisoner of Azkaban,Alfonso Cuarón,(2004),142 min,"Adventure, Family, Fantasy",7.9,82,$249.36M
Star Trek,J.J. Abrams,(2009),127 min,"Action, Adventure, Sci-Fi",7.9,82,$257.73M
True Romance,Tony Scott,(1993),119 min,"Crime, Drama, Romance",7.9,59,$12.28M
Boogie Nights,Paul Thomas Anderson,(1997),155 min,Drama,7.9,85,$26.40M
Edward Scissorhands,Tim Burton,(1990),105 min,"Drama, Fantasy, Romance",7.9,74,$56.36M
Edge of Tomorrow,Doug Liman,(2014),113 min,"Action, Adventure, Sci-Fi",7.9,71,$100.21M
The Perks of Being a Wallflower,Stephen Chbosky,(2012),103 min,Drama,7.9,67,$17.74M
X-Men: Days of Future Past,Bryan Singer,(2014),132 min,"Action, Adventure, Sci-Fi",7.9,75,$233.92M
Shaun of the Dead,Edgar Wright,(2004),99 min,"Comedy, Horror",7.9,76,$13.54M
Almost Famous,Cameron Crowe,(2000),122 min,"Adventure, Comedy, Drama",7.9,90,$32.53M
Jojo Rabbit,Taika Waititi,(2019),108 min,"Comedy, Drama, War",7.9,58,$33.37M
The Bourne Identity,Doug Liman,(2002),119 min,"Action, Mystery, Thriller",7.9,68,$121.66M
Bohemian Rhapsody,Bryan Singer,(2018),134 min,"Biography, Drama, Music",7.9,49,$216.43M
Thor: Ragnarok,Taika Waititi,(2017),130 min,"Action, Adventure, Comedy",7.9,74,$315.06M
Charade,Stanley Donen,(1963),113 min,"Comedy, Mystery, Romance",7.9,83,$13.47M
E.T. the Extra-Terrestrial,Steven Spielberg,(1982),115 min,"Adventure, Family, Sci-Fi",7.9,92,$435.11M
Shrek,Andrew Adamson,(2001),90 min,"Animation, Adventure, Comedy",7.9,84,$267.67M
Rope,Alfred Hitchcock,(1948),80 min,"Crime, Drama, Mystery",7.9,73,0
Life of Pi,Ang Lee,(2012),127 min,"Adventure, Drama, Fantasy",7.9,79,$124.99M
In Bruges,Martin McDonagh,(2008),107 min,"Comedy, Crime, Drama",7.9,67,$7.76M
Children of Men,Alfonso Cuarón,(2006),109 min,"Action, Drama, Sci-Fi",7.9,84,$35.55M
The Blues Brothers,John Landis,(1980),133 min,"Action, Adventure, Comedy",7.9,60,$57.23M
Mystic River,Clint Eastwood,(2003),138 min,"Crime, Drama, Mystery",7.9,84,$90.14M
Dallas Buyers Club,Jean-Marc Vallée,(2013),117 min,"Biography, Drama",7.9,77,$27.30M
District 9,Neill Blomkamp,(2009),112 min,"Action, Sci-Fi, Thriller",7.9,81,$115.65M
Marriage Story,Noah Baumbach,(2019),137 min,"Drama, Romance",7.9,94,$2.00M
Wonder,Stephen Chbosky,(I) (2017),113 min,"Drama, Family",7.9,66,$132.42M
All the President's Men,Alan J. Pakula,(1976),138 min,"Drama, History, Thriller",7.9,84,$70.60M
Toy Story 2,John Lasseter,(1999),92 min,"Animation, Adventure, Comedy",7.9,88,$245.85M
The Searchers,John Ford,(1956),119 min,"Adventure, Drama, Western",7.9,94,0
Boyhood,Richard Linklater,(I) (2014),165 min,Drama,7.9,100,$25.38M
This Is Spinal Tap,Rob Reiner,(1984),82 min,"Comedy, Music",7.9,92,$4.74M
Carlito's Way,Brian De Palma,(1993),144 min,"Crime, Drama, Thriller",7.9,66,$36.95M
The Man from Earth,Richard Schenkman,(2007),87 min,"Drama, Fantasy, Mystery",7.9,0,0
Bound by Honor,Taylor Hackford,(1993),180 min,"Crime, Drama",7.9,47,$4.50M
Brazil,Terry Gilliam,(1985),132 min,"Drama, Sci-Fi",7.9,84,$9.93M
Ghost in the Shell,Mamoru Oshii,(1995),83 min,"Animation, Action, Crime",7.9,76,$0.52M
The Nightmare Before Christmas,Henry Selick,(1993),76 min,"Animation, Family, Fantasy",7.9,82,$75.08M
Before Midnight,Richard Linklater,(2013),109 min,"Drama, Romance",7.9,94,$8.11M
A Fistful of Dollars,Sergio Leone,(1964),99 min,"Action, Drama, Western",7.9,65,$14.50M
Spartacus,Stanley Kubrick,(1960),197 min,"Adventure, Biography, Drama",7.9,87,$30.00M
The Wrestler,Darren Aronofsky,(2008),109 min,"Drama, Sport, Thriller",7.9,80,$26.24M
A Streetcar Named Desire,Elia Kazan,(1951),122 min,Drama,7.9,97,$8.00M
The Ten Commandments,Cecil B. DeMille,(1956),220 min,"Adventure, Drama, Family",7.9,0,$93.74M
"Crouching Tiger, Hidden Dragon",Ang Lee,(2000),120 min,"Action, Adventure, Drama",7.9,94,$128.08M
Let the Right One In,Tomas Alfredson,(2008),114 min,"Drama, Fantasy, Horror",7.9,82,$2.12M
The Wild Bunch,Sam Peckinpah,(1969),135 min,"Action, Adventure, Drama",7.9,98,$12.06M
In the Heat of the Night,Norman Jewison,(1967),110 min,"Drama, Mystery, Thriller",7.9,76,$24.38M
Doctor Zhivago,David Lean,(1965),197 min,"Drama, Romance, War",7.9,69,$111.72M
The Raid 2,Gareth Evans,(2014),150 min,"Action, Crime, Thriller",7.9,71,$2.63M
Nosferatu,F.W. Murnau,(1922),94 min,"Fantasy, Horror",7.9,0,0
The Manchurian Candidate,John Frankenheimer,(1962),126 min,"Drama, Thriller",7.9,94,0
Once Were Warriors,Lee Tamahori,(1994),102 min,"Crime, Drama",7.9,77,$2.20M
Sing Street,John Carney,(2016),106 min,"Comedy, Drama, Music",7.9,79,$3.24M
Harold and Maude,Hal Ashby,(1971),91 min,"Comedy, Drama, Romance",7.9,62,0
Togo,Ericson Core,(2019),113 min,"Adventure, Biography, Drama",7.9,69,0
Notorious,Alfred Hitchcock,(1946),102 min,"Drama, Film-Noir, Romance",7.9,100,$10.46M
Hero,Yimou Zhang,(2002),120 min,"Action, Adventure, Drama",7.9,85,$53.71M
The Lion in Winter,Anthony Harvey,(1968),134 min,"Biography, Drama, History",7.9,0,$22.28M
The Artist,Michel Hazanavicius,(I) (2011),100 min,"Comedy, Drama, Romance",7.9,89,$44.67M
King Kong,Merian C. Cooper,(1933),100 min,"Adventure, Horror, Sci-Fi",7.9,92,$10.00M
Shoplifters,Kore-eda Hirokazu,(2018),121 min,"Crime, Drama, Thriller",7.9,93,$3.31M
A Christmas Story,Bob Clark,(1983),93 min,"Comedy, Family",7.9,77,$20.61M
The Killing,Stanley Kubrick,(1956),84 min,"Crime, Drama, Film-Noir",7.9,91,0
Dancer in the Dark,Lars von Trier,(2000),140 min,"Crime, Drama, Musical",7.9,63,$4.18M
Three Colors: Blue,Krzysztof Kieslowski,(1993),94 min,"Drama, Music, Mystery",7.9,87,$1.32M
Strangers on a Train,Alfred Hitchcock,(1951),101 min,"Crime, Drama, Film-Noir",7.9,88,$7.63M
Short Term 12,Destin Daniel Cretton,(2013),96 min,Drama,7.9,82,$1.01M
The Red Circle,Jean-Pierre Melville,(1970),140 min,"Crime, Drama, Thriller",7.9,92,$0.37M
Patton,Franklin J. Schaffner,(1970),172 min,"Biography, Drama, War",7.9,86,$61.70M
The Big Sleep,Howard Hawks,(1946),114 min,"Crime, Film-Noir, Mystery",7.9,86,$6.54M
About Elly,Asghar Farhadi,(2009),119 min,"Drama, Mystery",7.9,87,$0.11M
The Philadelphia Story,George Cukor,(1940),112 min,"Comedy, Romance",7.9,96,0
Cat on a Hot Tin Roof,Richard Brooks,(1958),108 min,Drama,7.9,84,$17.57M
Arsenic and Old Lace,Frank Capra,(1944),118 min,"Comedy, Crime, Thriller",7.9,0,0
Head-On,Fatih Akin,(2004),121 min,"Drama, Romance",7.9,78,0
The Conformist,Bernardo Bertolucci,(1970),113 min,Drama,7.9,100,$0.54M
Amour,Michael Haneke,(2012),127 min,Drama,7.9,95,$6.74M
Talk to Her,Pedro Almodóvar,(2002),112 min,"Drama, Mystery, Romance",7.9,86,$9.36M
Kal Ho Naa Ho,Nikkhil Advani,(2003),186 min,"Comedy, Drama, Musical",7.9,54,$1.79M
The Thin Man,W.S. Van Dyke,(1934),91 min,"Comedy, Crime, Mystery",7.9,86,0
The Sacrifice,Andrei Tarkovsky,(1986),149 min,Drama,7.9,0,$0.30M
In a Lonely Place,Nicholas Ray,(1950),94 min,"Drama, Film-Noir, Mystery",7.9,0,0
I Remember,Federico Fellini,(1973),123 min,"Comedy, Drama",7.9,0,$0.58M
The Adventures of Robin Hood,Michael Curtiz,(1938),102 min,"Action, Adventure, Romance",7.9,97,$3.98M
My Name Is Khan,Karan Johar,(2010),165 min,"Adventure, Drama, Romance",7.9,50,$4.02M
A Taxi Driver,Hun Jang,(2017),137 min,"Action, Drama, History",7.9,69,$1.53M
Mildred Pierce,Michael Curtiz,(1945),111 min,"Crime, Drama, Film-Noir",7.9,88,0
Laura,Otto Preminger,(1944),88 min,"Drama, Film-Noir, Mystery",7.9,0,$4.36M
In Cold Blood,Richard Brooks,(1967),134 min,"Biography, Crime, Drama",7.9,89,0
Harvey,Henry Koster,(1950),104 min,"Comedy, Drama, Fantasy",7.9,0,0
Sullivan's Travels,Preston Sturges,(1941),90 min,"Adventure, Comedy, Drama",7.9,0,0
3-Iron,Kim Ki-duk,(2004),88 min,"Crime, Drama, Romance",7.9,72,$0.24M
C.R.A.Z.Y.,Jean-Marc Vallée,(2005),129 min,"Comedy, Drama",7.9,81,0
The Way He Looks,Daniel Ribeiro,(2014),96 min,"Drama, Romance",7.9,71,$0.10M
Kagemusha,Akira Kurosawa,(1980),162 min,"Drama, History, War",7.9,84,0
Gully Boy,Zoya Akhtar,(2019),154 min,"Drama, Music, Romance",7.9,65,$5.57M
Miracle on 34th Street,George Seaton,(1947),96 min,"Comedy, Drama, Family",7.9,88,$2.65M
Nine Queens,Fabián Bielinsky,(2000),114 min,"Crime, Drama, Thriller",7.9,80,$1.22M
Elevator to the Gallows,Louis Malle,(1958),91 min,"Crime, Drama, Thriller",7.9,94,$0.11M
Super 30,Vikas Bahl,(2019),154 min,"Biography, Drama",7.9,0,$2.27M
The Lost Weekend,Billy Wilder,(1945),101 min,"Drama, Film-Noir",7.9,0,$9.46M
"4 Months, 3 Weeks and 2 Days",Cristian Mungiu,(2007),113 min,Drama,7.9,97,$1.19M
Battleship Potemkin,Sergei Eisenstein,(1925),66 min,"Drama, History, Thriller",7.9,97,$0.05M
Hiroshima Mon Amour,Alain Resnais,(1959),90 min,"Drama, Romance",7.9,0,$0.09M
The Big Heat,Fritz Lang,(1953),89 min,"Crime, Film-Noir, Thriller",7.9,0,0
Dev.D,Anurag Kashyap,(2009),144 min,"Comedy, Drama, Romance",7.9,0,$0.01M
The Rules of the Game,Jean Renoir,(1939),110 min,"Comedy, Drama",7.9,99,0
Jab We Met,Imtiaz Ali,(2007),138 min,"Comedy, Drama, Romance",7.9,0,$0.41M
The Return,Andrey Zvyagintsev,(2003),110 min,Drama,7.9,82,$0.50M
Beauty and the Beast,Jean Cocteau,(1946),93 min,"Drama, Fantasy, Romance",7.9,92,$0.30M
No Man's Land,Danis Tanovic,(I) (2001),98 min,"Comedy, Drama, War",7.9,84,$1.06M
Badhaai Ho,Amit Ravindernath Sharma,(2018),124 min,"Comedy, Drama",7.9,0,0
Through a Glass Darkly,Ingmar Bergman,(1961),90 min,Drama,7.9,84,0
Pad Man,R. Balki,(2018),140 min,"Comedy, Drama",7.9,0,$1.66M
Baby,Neeraj Pandey,(I) (2015),159 min,"Action, Crime, Thriller",7.9,0,0
Airlift,Raja Menon,(2016),130 min,"Action, Drama, History",7.9,0,0
The Batman,Matt Reeves,(2022),176 min,"Action, Crime, Drama",7.8,72,$369.35M
Everything Everywhere All at Once,Daniel Kwan,(2022),139 min,"Action, Adventure, Comedy",7.8,81,$72.86M
Tombstone,George P. Cosmatos,(1993),130 min,"Biography, Drama, History",7.8,50,$56.51M
Little Miss Sunshine,Jonathan Dayton,(2006),101 min,"Comedy, Drama",7.8,80,$59.89M
Dunkirk,Christopher Nolan,(2017),106 min,"Action, Drama, History",7.8,94,$188.37M
A Bronx Tale,Robert De Niro,(1993),121 min,"Crime, Drama",7.8,80,$17.27M
Moonrise Kingdom,Wes Anderson,(2012),94 min,"Comedy, Drama, Family",7.8,84,$45.51M
The Breakfast Club,John Hughes,(1985),97 min,"Comedy, Drama",7.8,66,$45.88M
The Gentlemen,Guy Ritchie,(2019),113 min,"Action, Comedy, Crime",7.8,51,$36.47M
Get Out,Jordan Peele,(I) (2017),104 min,"Horror, Mystery, Thriller",7.8,85,$176.04M
The Notebook,Nick Cassavetes,(2004),123 min,"Drama, Romance",7.8,53,$81.00M
All Quiet on the Western Front,Edward Berger,(2022),148 min,"Action, Drama, War",7.8,76,0
Drive,Nicolas Winding Refn,(I) (2011),100 min,"Action, Drama",7.8,78,$35.06M
Pride & Prejudice,Joe Wright,(2005),129 min,"Drama, Romance",7.8,82,$38.41M
The Big Short,Adam McKay,(2015),130 min,"Biography, Comedy, Drama",7.8,81,$70.26M
Hot Fuzz,Edgar Wright,(2007),121 min,"Action, Comedy, Mystery",7.8,81,$23.64M
Call Me by Your Name,Luca Guadagnino,(2017),132 min,"Drama, Romance",7.8,94,$18.10M
RRR,S.S. Rajamouli,(2022),187 min,"Action, Drama",7.8,83,$14.50M
About Time,Richard Curtis,(I) (2013),123 min,"Comedy, Drama, Fantasy",7.8,55,$15.32M
The Hateful Eight,Quentin Tarantino,(2015),168 min,"Crime, Drama, Mystery",7.8,68,$54.12M
Ghostbusters,Ivan Reitman,(1984),105 min,"Action, Comedy, Fantasy",7.8,71,$238.63M
The Irishman,Martin Scorsese,(2019),209 min,"Biography, Crime, Drama",7.8,94,$7.00M
Little Women,Greta Gerwig,(2019),135 min,"Drama, Romance",7.8,91,$108.10M
The Girl with the Dragon Tattoo,David Fincher,(2011),158 min,"Crime, Drama, Mystery",7.8,71,$102.52M
The Sandlot,David Mickey Evans,(1993),101 min,"Comedy, Drama, Family",7.8,55,$32.42M
Predator,John McTiernan,(1987),107 min,"Action, Adventure, Horror",7.8,47,$59.74M
The Social Network,David Fincher,(2010),120 min,"Biography, Drama",7.8,95,$96.96M
Isle of Dogs,Wes Anderson,(2018),101 min,"Animation, Adventure, Comedy",7.8,82,$32.02M
Remember the Titans,Boaz Yakin,(2000),113 min,"Biography, Drama, Sport",7.8,48,$115.65M
Ferris Bueller's Day Off,John Hughes,(1986),103 min,Comedy,7.8,61,$70.14M
The Hobbit: An Unexpected Journey,Peter Jackson,(2012),169 min,"Adventure, Fantasy",7.8,58,$303.00M
Rogue One: A Star Wars Story,Gareth Edwards,(2016),133 min,"Action, Adventure, Sci-Fi",7.8,65,$532.18M
Star Wars: Episode VII - The Force Awakens,J.J. Abrams,(2015),138 min,"Action, Adventure, Sci-Fi",7.8,80,$936.66M
Apocalypto,Mel Gibson,(2006),139 min,"Action, Adventure, Drama",7.8,68,$50.87M
Nightcrawler,Dan Gilroy,(2014),117 min,"Crime, Drama, Thriller",7.8,76,$32.38M
The Fugitive,Andrew Davis,(1993),130 min,"Action, Crime, Drama",7.8,87,$183.88M
Hidden Figures,Theodore Melfi,(2016),127 min,"Biography, Drama, History",7.8,74,$169.61M
American Gangster,Ridley Scott,(2007),157 min,"Biography, Crime, Drama",7.8,76,$130.16M
Atonement,Joe Wright,(2007),123 min,"Drama, Mystery, Romance",7.8,85,$50.93M
The Killing Fields,Roland Joffé,(1984),141 min,"Biography, Drama, History",7.8,76,$34.70M
The Curious Case of Benjamin Button,David Fincher,(2008),166 min,"Drama, Fantasy, Romance",7.8,70,$127.51M
Captain America: Civil War,Anthony Russo,(2016),147 min,"Action, Sci-Fi",7.8,75,$408.08M
The Untouchables,Brian De Palma,(1987),119 min,"Crime, Drama, Thriller",7.8,79,$76.27M
Taken,Pierre Morel,(I) (2008),90 min,"Action, Crime, Thriller",7.8,51,$145.00M
Cast Away,Robert Zemeckis,(2000),143 min,"Adventure, Drama, Romance",7.8,73,$233.63M
Back to the Future Part II,Robert Zemeckis,(1989),108 min,"Adventure, Comedy, Sci-Fi",7.8,57,$118.50M
The Worst Person in the World,Joachim Trier,(2021),128 min,"Comedy, Drama, Romance",7.8,90,0
Willy Wonka & the Chocolate Factory,Mel Stuart,(1971),100 min,"Family, Fantasy, Musical",7.8,67,$4.00M
The Outlaw Josey Wales,Clint Eastwood,(1976),135 min,Western,7.8,69,$31.80M
Captain America: The Winter Soldier,Anthony Russo,(2014),136 min,"Action, Adventure, Sci-Fi",7.8,70,$259.77M
Skyfall,Sam Mendes,(2012),143 min,"Action, Adventure, Thriller",7.8,81,$304.36M
Captain Phillips,Paul Greengrass,(2013),134 min,"Action, Biography, Crime",7.8,82,$107.10M
Manchester by the Sea,Kenneth Lonergan,(2016),137 min,Drama,7.8,96,$47.70M
Captain Fantastic,Matt Ross,(2016),118 min,"Comedy, Drama",7.8,72,$5.88M
The Hobbit: The Desolation of Smaug,Peter Jackson,(2013),161 min,Fantasy,7.8,66,$258.37M
Gattaca,Andrew Niccol,(1997),106 min,"Drama, Sci-Fi, Thriller",7.8,64,$12.34M
Misery,Rob Reiner,(1990),107 min,"Drama, Thriller",7.8,75,$61.28M
The Last Samurai,Edward Zwick,(2003),154 min,"Action, Drama",7.8,55,$111.11M
Big Hero 6,Don Hall,(2014),102 min,"Animation, Action, Adventure",7.8,74,$222.53M
Thirteen Lives,Ron Howard,(2022),147 min,"Action, Adventure, Biography",7.8,66,0
Midnight Cowboy,John Schlesinger,(1969),113 min,Drama,7.8,79,$44.79M
Boyz n the Hood,John Singleton,(1991),112 min,"Crime, Drama",7.8,76,$57.50M
I Saw the Devil,Jee-woon Kim,(2010),144 min,"Action, Crime, Thriller",7.8,67,$0.13M
Mary Poppins,Robert Stevenson,(1964),139 min,"Comedy, Family, Fantasy",7.8,88,$102.27M
Walk the Line,James Mangold,(2005),136 min,"Biography, Drama, Music",7.8,72,$119.52M
East of Eden,Elia Kazan,(1955),118 min,Drama,7.8,72,0
Straight Outta Compton,F. Gary Gray,(2015),147 min,"Biography, Drama, History",7.8,72,$161.20M
The Conversation,Francis Ford Coppola,(1974),113 min,"Drama, Mystery, Thriller",7.8,87,$4.42M
Glory,Edward Zwick,(1989),122 min,"Biography, Drama, History",7.8,78,$26.83M
Awakenings,Penny Marshall,(1990),121 min,"Biography, Drama",7.8,74,$52.10M
Serenity,Joss Whedon,(2005),119 min,"Action, Adventure, Sci-Fi",7.8,74,$25.51M
Moon,Duncan Jones,(2009),97 min,"Drama, Mystery, Sci-Fi",7.8,67,$5.01M
The Holy Mountain,Alejandro Jodorowsky,(1973),114 min,"Adventure, Drama, Fantasy",7.8,76,$0.06M
The Right Stuff,Philip Kaufman,(1983),193 min,"Adventure, Biography, Drama",7.8,91,$21.50M
The Fighter,David O. Russell,(I) (2010),116 min,"Action, Biography, Drama",7.8,79,$93.62M
Mississippi Burning,Alan Parker,(1988),128 min,"Crime, Drama, Mystery",7.8,65,$34.60M
The King of Comedy,Martin Scorsese,(1982),109 min,"Comedy, Crime, Drama",7.8,73,$2.50M
The Fall,Tarsem Singh,(I) (2006),117 min,"Adventure, Drama, Fantasy",7.8,64,$2.28M
Paddington 2,Paul King,(2017),103 min,"Adventure, Comedy, Family",7.8,88,$40.44M
The Girl with the Dragon Tattoo,Niels Arden Oplev,(2009),152 min,"Crime, Drama, Mystery",7.8,76,$10.10M
Kiki's Delivery Service,Hayao Miyazaki,(1989),103 min,"Animation, Family, Fantasy",7.8,85,0
How to Train Your Dragon 2,Dean DeBlois,(2014),102 min,"Animation, Action, Adventure",7.8,77,$177.00M
The Remains of the Day,James Ivory,(1993),134 min,"Drama, Romance",7.8,86,$22.95M
Pride,Matthew Warchus,(I) (2014),119 min,"Biography, Comedy, Drama",7.8,79,0
Hunt for the Wilderpeople,Taika Waititi,(2016),101 min,"Adventure, Comedy, Drama",7.8,81,$5.20M
The Insider,Michael Mann,(1999),157 min,"Biography, Drama, Thriller",7.8,84,$28.97M
Changeling,Clint Eastwood,(2008),141 min,"Biography, Crime, Drama",7.8,63,$35.74M
Ed Wood,Tim Burton,(1994),127 min,"Biography, Comedy, Drama",7.8,70,$5.89M
Night of the Living Dead,George A. Romero,(1968),96 min,"Horror, Thriller",7.8,89,$0.09M
The Day the Earth Stood Still,Robert Wise,(1951),92 min,"Drama, Sci-Fi",7.8,83,0
The Best Offer,Giuseppe Tornatore,(2013),131 min,"Crime, Drama, Mystery",7.8,49,$0.09M
Dawn of the Dead,George A. Romero,(1978),127 min,"Horror, Thriller",7.8,71,$5.10M
My Fair Lady,George Cukor,(1964),170 min,"Drama, Family, Musical",7.8,95,$72.00M
Kramer vs. Kramer,Robert Benton,(1979),105 min,Drama,7.8,77,$106.26M
My Left Foot,Jim Sheridan,(1989),103 min,"Biography, Drama",7.8,97,$14.74M
The Day of the Jackal,Fred Zinnemann,(1973),143 min,"Crime, Drama, Thriller",7.8,80,$16.06M
Bringing Up Baby,Howard Hawks,(1938),102 min,Comedy,7.8,91,0
Cabaret,Bob Fosse,(1972),124 min,"Drama, Music, Musical",7.8,80,$42.77M
October Sky,Joe Johnston,(1999),108 min,"Biography, Drama, Family",7.8,71,$32.48M
Days of Heaven,Terrence Malick,(1978),94 min,"Drama, Romance",7.8,93,0
Guess Who's Coming to Dinner,Stanley Kramer,(1967),108 min,"Comedy, Drama",7.8,63,$56.70M
Once,John Carney,(I) (2007),86 min,"Drama, Music, Romance",7.8,90,$9.44M
"Aguirre, the Wrath of God",Werner Herzog,(1972),95 min,"Action, Adventure, Biography",7.8,0,0
Freaks,Tod Browning,(1932),64 min,"Drama, Horror",7.8,80,$0.63M
All About My Mother,Pedro Almodóvar,(1999),101 min,"Comedy, Drama, Romance",7.8,87,$8.26M
All That Jazz,Bob Fosse,(1979),123 min,"Drama, Music, Musical",7.8,72,$37.82M
Letters from Iwo Jima,Clint Eastwood,(2006),141 min,"Action, Adventure, Drama",7.8,89,$13.76M
Lilya 4-Ever,Lukas Moodysson,(2002),109 min,"Crime, Drama",7.8,83,$0.18M
Whisper of the Heart,Yoshifumi Kondô,(1995),111 min,"Animation, Drama, Family",7.8,75,0
Gaslight,George Cukor,(1944),114 min,"Crime, Drama, Mystery",7.8,78,0
The Chaser,Na Hong-jin,(2008),125 min,"Action, Crime, Drama",7.8,64,0
Manhattan,Woody Allen,(1979),96 min,"Comedy, Drama, Romance",7.8,83,$45.70M
Breaking the Waves,Lars von Trier,(1996),159 min,Drama,7.8,81,$4.04M
Loving Vincent,DK Welchman,(2017),94 min,"Animation, Drama, Mystery",7.8,62,$6.74M
The World's Fastest Indian,Roger Donaldson,(2005),127 min,"Biography, Drama, Sport",7.8,68,$5.13M
Frankenstein,James Whale,(1931),70 min,"Drama, Horror, Sci-Fi",7.8,91,0
To Have and Have Not,Howard Hawks,(1944),100 min,"Adventure, Comedy, Film-Noir",7.8,90,0
Stagecoach,John Ford,(1939),96 min,"Adventure, Drama, Western",7.8,93,0
Red River,Howard Hawks,(1948),133 min,"Drama, Western",7.8,96,0
The Lunchbox,Ritesh Batra,(2013),104 min,"Drama, Romance",7.8,76,$4.23M
Land of Mine,Martin Zandvliet,(2015),100 min,"Drama, History, War",7.8,75,$0.44M
His Girl Friday,Howard Hawks,(1940),92 min,"Comedy, Drama, Romance",7.8,0,$0.30M
Batman: Mask of the Phantasm,Eric Radomski,(1993),76 min,"Animation, Action, Adventure",7.8,65,$5.62M
L'Avventura,Michelangelo Antonioni,(1960),144 min,"Drama, Mystery, Romance",7.8,0,0
Hannah and Her Sisters,Woody Allen,(1986),107 min,"Comedy, Drama",7.8,90,$40.08M
Ninja Scroll,Yoshiaki Kawajiri,(1993),94 min,"Animation, Action, Adventure",7.8,0,0
The Man Who Would Be King,John Huston,(1975),129 min,"Adventure, War",7.8,91,0
The White Ribbon,Michael Haneke,(2009),144 min,"Drama, Mystery, Thriller",7.8,84,$2.22M
Shadow of a Doubt,Alfred Hitchcock,(1943),108 min,"Film-Noir, Thriller",7.8,94,0
A Prophet,Jacques Audiard,(2009),155 min,"Crime, Drama",7.8,90,$2.08M
The Bride of Frankenstein,James Whale,(1935),75 min,"Drama, Horror, Sci-Fi",7.8,95,$4.36M
The Umbrellas of Cherbourg,Jacques Demy,(1964),91 min,"Drama, Musical, Romance",7.8,86,$0.03M
"I, Daniel Blake",Ken Loach,(2016),100 min,Drama,7.8,78,$0.26M
The Innocents,Jack Clayton,(1961),100 min,Horror,7.8,88,$2.62M
The Killer,John Woo,(1989),111 min,"Action, Crime, Drama",7.8,82,0
The Postman,Michael Radford,(1994),108 min,"Biography, Comedy, Drama",7.8,81,$21.85M
You Can't Take It with You,Frank Capra,(1938),126 min,"Comedy, Drama, Romance",7.8,0,$4.66M
Cowboy Bebop: The Movie,Shin'ichirô Watanabe,(2001),115 min,"Animation, Action, Crime",7.8,61,$1.00M
The Chorus,Christophe Barratier,(2004),97 min,"Comedy, Drama, Music",7.8,56,$3.64M
Tokyo Godfathers,Satoshi Kon,(2003),92 min,"Animation, Adventure, Comedy",7.8,74,$0.13M
Crimes and Misdemeanors,Woody Allen,(1989),104 min,"Comedy, Drama",7.8,77,$18.25M
Once Upon a Time in Anatolia,Nuri Bilge Ceylan,(2011),157 min,"Crime, Drama, Thriller",7.8,82,$0.14M
The Asphalt Jungle,John Huston,(1950),112 min,"Crime, Drama, Film-Noir",7.8,85,0
Veer Zaara,Yash Chopra,(2004),192 min,"Drama, Family, Musical",7.8,67,$2.92M
The Discreet Charm of the Bourgeoisie,Luis Buñuel,(1972),102 min,Comedy,7.8,93,$0.20M
"Like Father, Like Son",Kore-eda Hirokazu,(2013),121 min,Drama,7.8,73,$0.28M
English Vinglish,Gauri Shinde,(2012),134 min,"Comedy, Drama, Family",7.8,0,$1.67M
Duck Soup,Leo McCarey,(1933),69 min,"Comedy, Musical",7.8,93,0
Vivre Sa Vie,Jean-Luc Godard,(1962),85 min,Drama,7.8,0,0
Millennium Actress,Satoshi Kon,(2001),87 min,"Animation, Drama, Fantasy",7.8,70,$0.19M
Knockin' on Heaven's Door,Thomas Jahn,(1997),87 min,"Action, Crime, Comedy",7.8,0,$0.00M
My Life as a Zucchini,Claude Barras,(2016),70 min,"Animation, Comedy, Drama",7.8,85,$0.29M
A Night at the Opera,Sam Wood,(1935),96 min,"Comedy, Music, Musical",7.8,0,$2.54M
Hindi Medium,Saket Chaudhary,(2017),132 min,"Comedy, Drama",7.8,0,0
Vicky Donor,Shoojit Sircar,(2012),126 min,"Comedy, Romance",7.8,0,$0.17M
The Whale,Darren Aronofsky,(2022),117 min,Drama,7.7,60,0
Mission: Impossible - Fallout,Christopher McQuarrie,(2018),147 min,"Action, Adventure, Thriller",7.7,86,$220.16M
The Banshees of Inisherin,Martin McDonagh,(2022),114 min,"Comedy, Drama",7.7,87,0
The Goonies,Richard Donner,(1985),114 min,"Adventure, Comedy, Family",7.7,62,$61.50M
Aftersun,Charlotte Wells,(II) (2022),102 min,Drama,7.7,95,0
Kingsman: The Secret Service,Matthew Vaughn,(2014),129 min,"Action, Adventure, Comedy",7.7,60,$128.26M
Harry Potter and the Goblet of Fire,Mike Newell,(2005),157 min,"Adventure, Family, Fantasy",7.7,81,$290.01M
The Hangover,Todd Phillips,(2009),100 min,Comedy,7.7,73,$277.32M
Ocean's Eleven,Steven Soderbergh,(2001),116 min,"Crime, Thriller",7.7,74,$183.42M
Silver Linings Playbook,David O. Russell,(2012),122 min,"Comedy, Drama, Romance",7.7,81,$132.09M
Zodiac,David Fincher,(2007),157 min,"Crime, Drama, Mystery",7.7,79,$33.08M
Black Hawk Down,Ridley Scott,(2001),144 min,"Action, Drama, History",7.7,74,$108.64M
Argo,Ben Affleck,(2012),120 min,"Biography, Drama, Thriller",7.7,86,$136.03M
A Few Good Men,Rob Reiner,(1992),138 min,"Drama, Thriller",7.7,62,$141.34M
Blue Is the Warmest Colour,Abdellatif Kechiche,(2013),180 min,"Drama, Romance",7.7,90,$2.20M
Blazing Saddles,Mel Brooks,(1974),93 min,"Comedy, Western",7.7,73,$119.50M
Lost in Translation,Sofia Coppola,(2003),102 min,"Comedy, Drama",7.7,91,$44.59M
Evil Dead II,Sam Raimi,(1987),84 min,"Comedy, Horror",7.7,72,$5.92M
Harry Potter and the Deathly Hallows: Part 1,David Yates,(2010),146 min,"Adventure, Family, Fantasy",7.7,65,$295.98M
Brokeback Mountain,Ang Lee,(2005),134 min,"Drama, Romance",7.7,87,$83.04M
The Last of the Mohicans,Michael Mann,(1992),112 min,"Action, Adventure, Drama",7.7,76,$75.51M
Primal Fear,Gregory Hoblit,(1996),129 min,"Crime, Drama, Mystery",7.7,47,$56.12M
Wind River,Taylor Sheridan,(2017),107 min,"Crime, Drama, Mystery",7.7,73,$33.80M
X-Men: First Class,Matthew Vaughn,(2011),131 min,"Action, Sci-Fi",7.7,65,$146.41M
Ex Machina,Alex Garland,(2014),108 min,"Drama, Sci-Fi, Thriller",7.7,78,$25.44M
500 Days of Summer,Marc Webb,(2009),95 min,"Comedy, Drama, Romance",7.7,76,$32.39M
3:10 to Yuma,James Mangold,(2007),122 min,"Action, Crime, Drama",7.7,76,$53.61M
Airplane!,Jim Abrahams,(1980),88 min,Comedy,7.7,78,$83.40M
And Your Mother Too,Alfonso Cuarón,(2001),106 min,Drama,7.7,89,$13.62M
Home Alone,Chris Columbus,(1990),103 min,"Comedy, Family",7.7,63,$285.76M
Training Day,Antoine Fuqua,(2001),122 min,"Action, Crime, Drama",7.7,69,$76.63M
Blue Velvet,David Lynch,(1986),120 min,"Crime, Drama, Mystery",7.7,76,$8.55M
Who Framed Roger Rabbit,Robert Zemeckis,(1988),104 min,"Animation, Adventure, Comedy",7.7,83,$156.45M
Coraline,Henry Selick,(2009),100 min,"Animation, Drama, Family",7.7,80,$75.29M
Glengarry Glen Ross,James Foley,(1992),100 min,"Crime, Drama, Mystery",7.7,82,$10.73M
Wait Until Dark,Terence Young,(1967),108 min,Thriller,7.7,81,$17.55M
The Game,David Fincher,(1997),129 min,"Drama, Mystery, Thriller",7.7,63,$48.32M
The Count of Monte Cristo,Kevin Reynolds,(2002),131 min,"Action, Adventure, Drama",7.7,61,$54.23M
Mr. Nobody,Jaco Van Dormael,(2009),141 min,"Drama, Fantasy, Romance",7.7,63,$0.00M
The Lego Movie,Phil Lord,(2014),100 min,"Animation, Action, Adventure",7.7,83,$257.76M
Philadelphia,Jonathan Demme,(1993),125 min,Drama,7.7,66,$77.32M
Tangled,Nathan Greno,(2010),100 min,"Animation, Adventure, Comedy",7.7,71,$200.82M
Man on Fire,Tony Scott,(2004),146 min,"Action, Crime, Drama",7.7,47,$77.91M
Birdman or (The Unexpected Virtue of Ignorance),Alejandro G. Iñárritu,(2014),119 min,"Comedy, Drama",7.7,87,$42.34M
Deliverance,John Boorman,(1972),109 min,"Adventure, Drama, Thriller",7.7,80,$7.06M
First Blood,Ted Kotcheff,(1982),93 min,"Action, Adventure, Thriller",7.7,61,$47.21M
Sense and Sensibility,Ang Lee,(1995),136 min,"Drama, Romance",7.7,84,$43.18M
Star Trek II: The Wrath of Khan,Nicholas Meyer,(1982),113 min,"Action, Adventure, Sci-Fi",7.7,68,$78.91M
The Fault in Our Stars,Josh Boone,(2014),126 min,"Drama, Romance",7.7,69,$124.87M
The Bourne Supremacy,Paul Greengrass,(2004),108 min,"Action, Mystery, Thriller",7.7,73,$176.24M
Wreck-It Ralph,Rich Moore,(2012),101 min,"Animation, Adventure, Comedy",7.7,72,$189.42M
Apollo 13,Ron Howard,(I) (1995),140 min,"Adventure, Drama, History",7.7,77,$173.84M
Midnight in Paris,Woody Allen,(2011),94 min,"Comedy, Fantasy, Romance",7.7,81,$56.82M
Toy Story 4,Josh Cooley,(2019),100 min,"Animation, Adventure, Comedy",7.7,84,$434.04M
Halloween,John Carpenter,(1978),91 min,"Horror, Thriller",7.7,87,$47.00M
Another Round,Thomas Vinterberg,(2020),117 min,Drama,7.7,79,0
The Machinist,Brad Anderson,(2004),101 min,"Drama, Thriller",7.7,61,$1.08M
"O Brother, Where Art Thou?",Joel Coen,(2000),107 min,"Adventure, Comedy, Crime",7.7,69,$45.51M
Crash,Paul Haggis,(I) (2004),112 min,"Crime, Drama, Thriller",7.7,66,$54.58M
What's Eating Gilbert Grape,Lasse Hallström,(1993),118 min,Drama,7.7,73,$9.17M
The Magnificent Seven,John Sturges,(1960),128 min,"Action, Adventure, Drama",7.7,74,$4.91M
The French Connection,William Friedkin,(1971),104 min,"Action, Crime, Drama",7.7,94,$15.63M
Gravity,Alfonso Cuarón,(2013),91 min,"Drama, Sci-Fi, Thriller",7.7,96,$274.09M
Donnie Brasco,Mike Newell,(1997),127 min,"Biography, Crime, Drama",7.7,76,$41.91M
The Trial of the Chicago 7,Aaron Sorkin,(2020),129 min,"Drama, History, Thriller",7.7,76,0
As Good as It Gets,James L. Brooks,(1997),139 min,"Comedy, Drama, Romance",7.7,67,$148.48M
Road to Perdition,Sam Mendes,(2002),117 min,"Crime, Drama, Thriller",7.7,72,$104.45M
The Boondock Saints,Troy Duffy,(1999),108 min,"Action, Thriller",7.7,44,$0.03M
Naked,Mike Leigh,(1993),131 min,"Comedy, Drama",7.7,85,$1.77M
Empire of the Sun,Steven Spielberg,(1987),153 min,"Drama, War",7.7,62,$22.24M
The Color Purple,Steven Spielberg,(1985),154 min,Drama,7.7,78,$98.47M
Sound of Metal,Darius Marder,(2019),120 min,"Drama, Music",7.7,82,0
When Harry Met Sally...,Rob Reiner,(1989),95 min,"Comedy, Drama, Romance",7.7,76,$92.82M
The Boy in the Striped Pajamas,Mark Herman,(2008),94 min,"Drama, War",7.7,55,$9.03M
A Man Called Ove,Hannes Holm,(2015),116 min,"Comedy, Drama, Romance",7.7,70,$3.48M
Star Trek Into Darkness,J.J. Abrams,(2013),132 min,"Action, Adventure, Sci-Fi",7.7,72,$228.78M
Fried Green Tomatoes,Jon Avnet,(1991),130 min,Drama,7.7,64,$82.42M
Kung Fu Hustle,Stephen Chow,(2004),99 min,"Action, Comedy, Fantasy",7.7,78,$17.11M
Dirty Harry,Don Siegel,(1971),102 min,"Action, Crime, Thriller",7.7,87,$35.90M
Serpico,Sidney Lumet,(1973),130 min,"Biography, Crime, Drama",7.7,81,$29.80M
Detachment,Tony Kaye,(2011),98 min,Drama,7.7,52,$0.07M
Happiness,Todd Solondz,(1998),134 min,"Comedy, Drama",7.7,81,$2.81M
Being John Malkovich,Spike Jonze,(1999),113 min,"Comedy, Drama, Fantasy",7.7,90,$22.86M
The Theory of Everything,James Marsh,(2014),123 min,"Biography, Drama, Romance",7.7,71,$35.89M
The Dirty Dozen,Robert Aldrich,(1967),150 min,"Action, Adventure, War",7.7,73,$45.30M
Lucky Number Slevin,Paul McGuigan,(2006),110 min,"Crime, Drama, Thriller",7.7,53,$22.49M
Adaptation.,Spike Jonze,(2002),115 min,"Comedy, Drama",7.7,83,$22.25M
Clerks,Kevin Smith,(1994),92 min,Comedy,7.7,70,$3.15M
The Longest Day,Ken Annakin,(1962),178 min,"Action, Drama, History",7.7,75,$39.10M
This Is England,Shane Meadows,(2006),101 min,"Crime, Drama",7.7,86,$0.33M
Flipped,Rob Reiner,(I) (2010),90 min,"Comedy, Drama, Romance",7.7,45,$1.75M
The Name of the Rose,Jean-Jacques Annaud,(1986),130 min,"Drama, Mystery, Thriller",7.7,54,$7.15M
Goldfinger,Guy Hamilton,(1964),110 min,"Action, Adventure, Thriller",7.7,87,$51.08M
Ordinary People,Robert Redford,(1980),124 min,Drama,7.7,86,$54.80M
"South Park: Bigger, Longer & Uncut",Trey Parker,(1999),81 min,"Animation, Comedy, Fantasy",7.7,73,$52.04M
Bonnie and Clyde,Arthur Penn,(1967),111 min,"Action, Biography, Crime",7.7,86,0
The Verdict,Sidney Lumet,(1982),129 min,Drama,7.7,77,$54.00M
The Great Beauty,Paolo Sorrentino,(2013),141 min,Drama,7.7,86,$2.85M
Malcolm X,Spike Lee,(1992),202 min,"Biography, Drama, History",7.7,73,$48.17M
Billy Elliot,Stephen Daldry,(2000),110 min,"Drama, Music",7.7,74,$22.00M
Miller's Crossing,Joel Coen,(1990),115 min,"Crime, Drama, Thriller",7.7,66,$5.08M
Paprika,Satoshi Kon,(2006),90 min,"Animation, Drama, Fantasy",7.7,81,$0.88M
The Wind Rises,Hayao Miyazaki,(2013),126 min,"Animation, Biography, Drama",7.7,83,$5.21M
Ray,Taylor Hackford,(I) (2004),152 min,"Biography, Drama, Music",7.7,73,$75.33M
Roma,Alfonso Cuarón,(2018),135 min,Drama,7.7,96,0
Joint Security Area,Park Chan-wook,(2000),110 min,"Action, Drama, Thriller",7.7,58,0
Run Lola Run,Tom Tykwer,(1998),80 min,"Action, Crime, Thriller",7.7,77,$7.27M
Belle de Jour,Luis Buñuel,(1967),100 min,"Drama, Romance",7.7,0,$0.03M
The Last Emperor,Bernardo Bertolucci,(1987),163 min,"Biography, Drama, History",7.7,76,$43.98M
Hard Boiled,John Woo,(1992),128 min,"Action, Crime, Thriller",7.7,0,0
Kubo and the Two Strings,Travis Knight,(2016),101 min,"Animation, Action, Adventure",7.7,84,$48.02M
Fantastic Planet,René Laloux,(1973),72 min,"Animation, Sci-Fi",7.7,73,$0.19M
The Man from Nowhere,Jeong-beom Lee,(2010),119 min,"Action, Crime, Drama",7.7,0,$0.01M
Mother,Bong Joon Ho,(2009),129 min,"Crime, Drama, Mystery",7.7,79,$0.55M
Badlands,Terrence Malick,(1973),94 min,"Action, Crime, Drama",7.7,93,0
The African Queen,John Huston,(1951),105 min,"Adventure, Drama, Romance",7.7,91,$0.54M
Open Your Eyes,Alejandro Amenábar,(1997),119 min,"Drama, Mystery, Sci-Fi",7.7,0,$0.37M
Beasts of No Nation,Cary Joji Fukunaga,(2015),137 min,"Drama, War",7.7,79,$0.08M
Finding Neverland,Marc Forster,(2004),106 min,"Biography, Drama, Family",7.7,67,$51.68M
Me and Earl and the Dying Girl,Alfonso Gomez-Rejon,(2015),105 min,"Comedy, Drama, Romance",7.7,74,$6.74M
The Quiet Man,John Ford,(1952),129 min,"Comedy, Drama, Romance",7.7,85,$10.55M
Happy Together,Kar-Wai Wong,(1997),96 min,"Drama, Romance",7.7,70,$0.19M
Breathless,Jean-Luc Godard,(1960),90 min,"Crime, Drama",7.7,0,$0.34M
Black Book,Paul Verhoeven,(2006),145 min,"Drama, Thriller, War",7.7,71,$4.40M
Short Cuts,Robert Altman,(1993),188 min,"Comedy, Drama",7.7,81,$6.11M
Hamlet,Kenneth Branagh,(1996),242 min,Drama,7.7,0,$4.41M
Fantasia,James Algar,(1940),124 min,"Animation, Family, Fantasy",7.7,96,$76.41M
Nebraska,Alexander Payne,(2013),115 min,Drama,7.7,86,$17.65M
The Double Life of Véronique,Krzysztof Kieslowski,(1991),98 min,"Drama, Fantasy, Music",7.7,86,$2.00M
Zulu,Cy Endfield,(1964),138 min,"Drama, History, War",7.7,77,0
Waking Life,Richard Linklater,(2001),99 min,"Animation, Drama, Fantasy",7.7,84,$2.89M
Porco Rosso,Hayao Miyazaki,(1992),94 min,"Animation, Adventure, Comedy",7.7,83,0
The Vanishing,George Sluizer,(1988),107 min,"Mystery, Thriller",7.7,0,0
Invasion of the Body Snatchers,Don Siegel,(1956),80 min,"Drama, Horror, Sci-Fi",7.7,92,0
When Marnie Was There,Hiromasa Yonebayashi,(2014),103 min,"Animation, Drama, Family",7.7,72,$0.77M
Hedwig and the Angry Inch,John Cameron Mitchell,(2001),95 min,"Comedy, Drama, Music",7.7,85,$3.03M
Perfect Strangers,Paolo Genovese,(2016),96 min,"Comedy, Drama",7.7,0,0
A Man for All Seasons,Fred Zinnemann,(1966),120 min,"Biography, Drama, History",7.7,72,$28.35M
Night on Earth,Jim Jarmusch,(1991),129 min,"Comedy, Drama",7.7,68,$2.02M
Black Narcissus,Michael Powell,(1947),101 min,Drama,7.7,86,0
The Broken Circle Breakdown,Felix van Groeningen,(2012),111 min,"Drama, Music, Romance",7.7,70,$0.18M
The Triplets of Belleville,Sylvain Chomet,(2003),80 min,"Animation, Adventure, Comedy",7.7,91,$7.00M
Good Bye Lenin!,Wolfgang Becker,(2003),121 min,"Comedy, Drama, Romance",7.7,68,$4.06M
The Little Prince,Mark Osborne,(2015),108 min,"Animation, Adventure, Drama",7.7,70,$1.34M
Cape Fear,J. Lee Thompson,(1962),106 min,"Drama, Thriller",7.7,76,0
Scarface,Howard Hawks,(1932),93 min,"Action, Crime, Drama",7.7,90,0
Marty,Delbert Mann,(1955),90 min,"Drama, Romance",7.7,0,0
The Motorcycle Diaries,Walter Salles,(2004),126 min,"Adventure, Biography, Drama",7.7,75,$16.78M
The Lady Vanishes,Alfred Hitchcock,(1938),96 min,"Mystery, Thriller",7.7,98,0
Down by Law,Jim Jarmusch,(1986),107 min,"Comedy, Crime, Drama",7.7,75,$1.44M
The Caine Mutiny,Edward Dmytryk,(1954),124 min,"Drama, War",7.7,63,$21.75M
Frost/Nixon,Ron Howard,(2008),122 min,"Biography, Drama, History",7.7,80,$18.59M
Taste of Cherry,Abbas Kiarostami,(1997),95 min,Drama,7.7,80,$0.31M
Key Largo,John Huston,(1948),100 min,"Action, Crime, Drama",7.7,0,0
The Salesman,Asghar Farhadi,(2016),124 min,"Drama, Thriller",7.7,85,$2.40M
Confessions,Tetsuya Nakashima,(2010),106 min,"Drama, Thriller",7.7,0,0
Dreams,Akira Kurosawa,(1990),119 min,"Drama, Fantasy",7.7,0,$1.96M
The Experiment,Oliver Hirschbiegel,(2001),120 min,"Drama, Thriller",7.7,60,$0.14M
Evil,Mikael Håfström,(2003),113 min,Drama,7.7,61,$0.02M
Adam's Apples,Anders Thomas Jensen,(2005),94 min,"Comedy, Crime, Drama",7.7,51,$0.00M
The Girl Who Leapt Through Time,Mamoru Hosoda,(2006),98 min,"Animation, Adventure, Comedy",7.7,66,0
The Magdalene Sisters,Peter Mullan,(2002),114 min,Drama,7.7,83,$4.89M
After the Wedding,Susanne Bier,(2006),120 min,Drama,7.7,78,$0.41M
In America,Jim Sheridan,(2002),105 min,Drama,7.7,76,$15.54M
The Breadwinner,Nora Twomey,(2017),94 min,"Animation, Drama, Family",7.7,78,$0.31M
Jules and Jim,François Truffaut,(1962),105 min,"Drama, Romance",7.7,97,0
Love and Death,Woody Allen,(1975),85 min,"Comedy, War",7.7,89,0
Fireworks,Takeshi Kitano,(1997),103 min,"Crime, Drama, Romance",7.7,83,$0.23M
The Purple Rose of Cairo,Woody Allen,(1985),82 min,"Comedy, Fantasy, Romance",7.7,75,$10.63M
The Muppet Christmas Carol,Brian Henson,(1992),85 min,"Comedy, Drama, Family",7.7,64,$27.28M
The Past,Asghar Farhadi,(2013),130 min,"Drama, Mystery",7.7,85,$1.33M
Zelig,Woody Allen,(1983),79 min,Comedy,7.7,0,$11.80M
The Edge of Heaven,Fatih Akin,(2007),122 min,Drama,7.7,85,$0.74M
Avatar: The Way of Water,James Cameron,(2022),192 min,"Action, Adventure, Fantasy",7.6,67,$659.68M
Harry Potter and the Sorcerer's Stone,Chris Columbus,(2001),152 min,"Adventure, Family, Fantasy",7.6,65,$317.58M
Once Upon a Time in Hollywood,Quentin Tarantino,(2019),161 min,"Comedy, Drama",7.6,83,$142.50M
American Psycho,Mary Harron,(2000),102 min,"Crime, Drama, Horror",7.6,64,$15.07M
The Fifth Element,Luc Besson,(1997),126 min,"Action, Adventure, Sci-Fi",7.6,52,$63.54M
Superbad,Greg Mottola,(2007),113 min,Comedy,7.6,76,$121.46M
The Royal Tenenbaums,Wes Anderson,(2001),110 min,"Comedy, Drama",7.6,76,$52.36M
300,Zack Snyder,(2006),117 min,"Action, Drama",7.6,52,$210.61M
Watchmen,Zack Snyder,(2009),162 min,"Action, Drama, Mystery",7.6,56,$107.51M
Deadpool 2,David Leitch,(2018),119 min,"Action, Adventure, Comedy",7.6,66,$324.59M
Guardians of the Galaxy Vol. 2,James Gunn,(2017),136 min,"Action, Adventure, Comedy",7.6,67,$389.81M
Moana,Ron Clements,(I) (2016),107 min,"Animation, Adventure, Comedy",7.6,81,$248.76M
RoboCop,Paul Verhoeven,(1987),102 min,"Action, Crime, Sci-Fi",7.6,70,$53.42M
Kick-Ass,Matthew Vaughn,(2010),117 min,"Action, Comedy, Crime",7.6,66,$48.07M
Sicario,Denis Villeneuve,(2015),121 min,"Action, Crime, Drama",7.6,82,$46.89M
My Cousin Vinny,Jonathan Lynn,(1992),120 min,"Comedy, Crime",7.6,68,$52.93M
Rushmore,Wes Anderson,(1998),93 min,"Comedy, Drama, Romance",7.6,86,$17.11M
Saw,James Wan,(2004),103 min,"Horror, Mystery, Thriller",7.6,46,$56.00M
Office Space,Mike Judge,(1999),89 min,Comedy,7.6,68,$10.82M
Moneyball,Bennett Miller,(2011),133 min,"Biography, Drama, Sport",7.6,87,$75.61M
A Star Is Born,Bradley Cooper,(2018),136 min,"Drama, Music, Romance",7.6,88,$215.29M
The Butterfly Effect,Eric Bress,(2004),113 min,"Drama, Sci-Fi, Thriller",7.6,30,$57.94M
Inside Man,Spike Lee,(2006),129 min,"Crime, Drama, Mystery",7.6,76,$88.51M
Star Wars: Episode III - Revenge of the Sith,George Lucas,(2005),140 min,"Action, Adventure, Fantasy",7.6,68,$380.26M
Stardust,Matthew Vaughn,(2007),127 min,"Adventure, Family, Fantasy",7.6,66,$38.63M
True Grit,Ethan Coen,(2010),110 min,"Drama, Western",7.6,80,$171.24M
Kung Fu Panda,Mark Osborne,(2008),92 min,"Animation, Action, Adventure",7.6,74,$215.43M
Minority Report,Steven Spielberg,(2002),145 min,"Action, Crime, Mystery",7.6,80,$132.07M
Hell or High Water,David Mackenzie,(II) (2016),102 min,"Crime, Drama, Thriller",7.6,88,$26.86M
The Blind Side,John Lee Hancock,(2009),129 min,"Biography, Drama, Sport",7.6,53,$255.96M
Eastern Promises,David Cronenberg,(2007),100 min,"Crime, Drama, Thriller",7.6,83,$17.11M
The Others,Alejandro Amenábar,(2001),104 min,"Horror, Mystery, Thriller",7.6,74,$96.52M
The Birds,Alfred Hitchcock,(1963),119 min,"Drama, Horror, Mystery",7.6,90,$11.40M
Mulan,Tony Bancroft,(1998),87 min,"Animation, Adventure, Comedy",7.6,71,$120.62M
The Fly,David Cronenberg,(1986),96 min,"Drama, Horror, Sci-Fi",7.6,79,$40.46M
Lethal Weapon,Richard Donner,(1987),109 min,"Action, Crime, Thriller",7.6,68,$65.21M
What We Do in the Shadows,Jemaine Clement,(2014),86 min,"Comedy, Horror",7.6,76,$3.33M
The Mitchells vs the Machines,Michael Rianda,(2021),114 min,"Animation, Adventure, Comedy",7.6,81,0
The Thin Red Line,Terrence Malick,(1998),170 min,"Drama, History, War",7.6,78,$36.40M
Despicable Me,Pierre Coffin,(2010),95 min,"Animation, Adventure, Comedy",7.6,72,$251.51M
Searching,Aneesh Chaganty,(III) (2018),102 min,"Drama, Mystery, Thriller",7.6,71,$26.02M
The Raid: Redemption,Gareth Evans,(2011),101 min,"Action, Crime, Thriller",7.6,73,$4.11M
The Road Warrior,George Miller,(1981),96 min,"Action, Adventure, Sci-Fi",7.6,77,$12.47M
Dark City,Alex Proyas,(1998),100 min,"Fantasy, Mystery, Sci-Fi",7.6,66,$14.38M
Gone Baby Gone,Ben Affleck,(2007),114 min,"Crime, Drama, Mystery",7.6,72,$20.30M
The Skin I Live In,Pedro Almodóvar,(2011),120 min,"Drama, Horror, Mystery",7.6,70,$3.19M
Ponyo,Hayao Miyazaki,(2008),101 min,"Animation, Adventure, Comedy",7.6,86,$15.09M
The Jungle Book,Wolfgang Reitherman,(1967),78 min,"Animation, Adventure, Comedy",7.6,65,$141.84M
Enter the Dragon,Robert Clouse,(1973),102 min,"Action, Crime, Thriller",7.6,83,$25.00M
End of Watch,David Ayer,(2012),109 min,"Action, Adventure, Crime",7.6,68,$41.00M
Dark Waters,Todd Haynes,(2019),126 min,"Biography, Drama, History",7.6,73,0
Dawn of the Planet of the Apes,Matt Reeves,(2014),130 min,"Action, Adventure, Drama",7.6,79,$208.55M
I Am Sam,Jessie Nelson,(2001),132 min,Drama,7.6,28,$40.31M
Match Point,Woody Allen,(2005),124 min,"Drama, Romance, Thriller",7.6,72,$23.09M
The Bridges of Madison County,Clint Eastwood,(1995),135 min,"Drama, Romance",7.6,69,$71.52M
After Hours,Martin Scorsese,(I) (1985),97 min,"Comedy, Crime, Drama",7.6,90,$10.60M
Sabrina,Billy Wilder,(1954),113 min,"Comedy, Drama, Romance",7.6,72,0
Die Hard with a Vengeance,John McTiernan,(1995),128 min,"Action, Adventure, Thriller",7.6,58,$100.01M
Rebel Without a Cause,Nicholas Ray,(1955),111 min,Drama,7.6,89,0
Snow White and the Seven Dwarfs,William Cottrell,(1937),83 min,"Animation, Adventure, Family",7.6,96,$184.93M
From Here to Eternity,Fred Zinnemann,(1953),118 min,"Drama, Romance, War",7.6,85,$30.50M
50/50,Jonathan Levine,(2011),100 min,"Comedy, Drama, Romance",7.6,72,$35.01M
Barton Fink,Joel Coen,(1991),116 min,"Comedy, Drama, Thriller",7.6,69,$6.15M
21 Grams,Alejandro G. Iñárritu,(2003),124 min,"Crime, Drama, Thriller",7.6,70,$16.29M
United 93,Paul Greengrass,(2006),111 min,"Action, Drama, History",7.6,90,$31.57M
The Last King of Scotland,Kevin Macdonald,(2006),123 min,"Biography, Drama, History",7.6,74,$17.61M
25th Hour,Spike Lee,(2002),135 min,Drama,7.6,69,$13.06M
The Taking of Pelham One Two Three,Joseph Sargent,(1974),104 min,"Action, Crime, Thriller",7.6,68,$2.49M
Control,Anton Corbijn,(2007),122 min,"Biography, Drama, Music",7.6,78,$0.87M
A Very Long Engagement,Jean-Pierre Jeunet,(2004),133 min,"Drama, Mystery, Romance",7.6,76,$6.17M
Shine,Scott Hicks,(1996),105 min,"Biography, Drama, Music",7.6,87,$35.81M
Philomena,Stephen Frears,(2013),98 min,"Biography, Comedy, Drama",7.6,77,$37.71M
The Invisible Man,James Whale,(1933),71 min,"Horror, Sci-Fi",7.6,87,0
Cell 211,Daniel Monzón,(2009),113 min,"Action, Crime, Drama",7.6,0,0
